,rooms,area,price
0,2,53.39,279.764
1,2,48.77,585.24
2,2,53.34,279.502
3,2,38.65,448.34
4,1,42.12,501.228
5,2,44.39,528.241
6,3,46.7,258.0
7,3,59.9,313.876
8,2,58.47,385.902
9,3,110.0,490.0
10,2,58.0,369.0
11,4,74.08,377.734
12,3,65.0,389.0
13,2,43.29,246.753
14,2,43.58,248.406
15,3,61.26,382.875
16,1,37.0,205.0
17,4,89.0,350.0
18,3,70.0,450.0
19,3,75.25,469.0
20,1,29.6,195.0
21,2,51.0,275.0
22,3,68.0,359.0
23,2,34.0,220.0
24,3,72.87,378.924
25,4,70.0,499.0
26,4,212.0,1050.0
27,2,57.04,302.255
28,2,42.5,225.303
29,3,62.0,350.0
30,4,115.17,356.912
31,3,60.0,549.0
32,2,53.0,640.0
33,4,112.0,799.0
34,3,62.0,385.0
35,4,78.4,420.0
36,4,84.0,339.0
37,3,63.0,260.0
38,2,46.0,274.9
39,1,30.4,161.88
40,2,38.7,229.0
41,2,43.0,275.0
42,3,84.0,349.0
43,2,47.36,255.744
44,3,63.97,307.0
45,1,38.81,260.027
46,4,104.0,480.0
47,4,75.0,459.0
48,2,43.5,199.0
49,3,61.7,365.0
50,4,116.0,607.952
51,2,49.0,282.0
52,1,40.17,190.0
53,3,75.0,650.0
54,4,139.94,1007.568
55,4,75.0,369.0
56,3,55.0,319.0
57,5,93.0,425.0
58,3,58.1,275.0
59,3,89.0,385.0
60,2,46.0,275.0
61,2,50.0,290.0
62,3,55.0,329.0
63,3,55.0,295.0
64,2,41.0,216.0
65,2,56.5,295.0
66,3,54.7,289.855
67,3,44.7,285.0
68,3,81.0,465.0
69,2,36.5,225.66
70,3,69.2,369.0
71,1,24.8,196.0
72,2,47.3,280.0
73,3,60.5,310.0
74,3,70.0,530.0
75,2,50.0,285.0
76,4,106.0,570.0
77,4,109.0,1695.0
78,1,36.0,160.0
79,3,72.01,366.6
80,3,109.0,445.0
81,4,132.68,636.864
82,4,133.0,549.0
83,3,100.0,650.0
84,4,160.0,780.0
85,3,62.0,299.0
86,3,49.0,293.0
87,3,64.0,395.0
88,4,82.0,356.0
89,2,68.0,375.0
90,2,76.0,349.0
91,3,56.0,269.0
92,3,55.0,318.0
93,3,68.0,290.0
94,3,60.0,290.0
95,3,63.0,320.0
96,4,67.0,468.0
97,3,51.0,227.0
98,3,58.0,264.0
99,2,40.0,289.999
100,4,68.49,342.382
101,4,72.42,347.544
102,3,80.0,394.7
103,2,51.0,279.0
104,5,101.5,530.0
105,2,35.8,179.015
106,2,39.1,235.0
107,3,51.8,269.37
108,2,32.0,191.0
109,3,53.7,279.251
110,2,53.7,285.0
111,3,110.0,570.0
112,2,43.0,187.0
113,2,40.0,228.8
114,1,35.1,179.0
115,2,49.0,235.0
116,2,49.0,282.0
117,2,47.3,292.0
118,2,69.0,358.8
119,3,54.0,269.0
120,3,68.3,399.0
121,2,53.0,470.0
122,4,113.53,351.829
123,4,104.6,599.0
124,3,55.0,329.7
125,3,59.7,260.0
126,4,117.71,364.783
127,2,50.49,375.0
128,3,64.2,299.0
129,3,62.8,345.0
130,3,82.0,368.8
131,1,40.5,205.0
132,2,43.5,209.99
133,1,36.1,165.0
134,2,32.3,185.0
135,3,67.62,315.0
136,2,58.0,398.7
137,4,84.88,460.0
138,2,47.2,269.0
139,3,94.0,479.0
140,3,66.5,285.0
141,2,42.0,175.0
142,3,115.0,790.0
143,2,48.8,248.0
144,2,54.0,570.0
145,4,77.0,310.0
146,1,30.4,164.16
147,2,47.1,284.955
148,3,61.0,329.4
149,3,66.9,444.885
150,3,73.0,349.0
151,4,67.37,336.783
152,4,129.0,499.0
153,2,34.0,222.0
154,3,76.4,425.0
155,4,90.7,770.95
156,2,35.3,189.737
157,2,50.0,285.0
158,2,46.8,306.54
159,3,48.0,295.0
160,3,60.0,299.9
161,4,110.0,1000.0
162,2,49.68,317.952
163,4,81.3,465.0
164,3,74.0,475.0
165,1,32.53,202.434
166,3,57.44,275.1
167,3,57.85,277.1
168,2,48.87,287.16
169,4,63.06,361.271
170,2,59.07,375.0
171,3,56.63,430.388
172,2,51.97,443.98
173,2,59.1,475.0
174,4,78.58,496.39
175,3,99.45,1100.0
176,4,125.05,1250.0
177,2,42.0,250.0
178,2,43.0,279.0
179,2,46.58,279.0
180,3,53.0,330.0
181,2,50.0,345.0
182,2,50.0,285.0
183,2,47.7,289.0
184,2,46.31,296.384
185,2,49.32,310.716
186,2,52.27,334.528
187,3,86.61,359.9
188,4,68.0,419.0
189,3,83.0,360.0
190,3,66.0,365.0
191,3,54.0,285.0
192,1,43.7,270.0
193,2,50.0,309.0
194,2,40.0,313.0
195,3,66.02,315.0
196,3,66.02,319.0
197,3,63.0,120.0
198,2,39.68,279.0
199,3,54.0,285.0
200,2,52.92,327.758
201,2,52.95,327.759
202,2,44.81,336.764
203,2,45.66,347.016
204,3,61.91,350.0
205,3,65.0,399.0
206,3,92.7,449.0
207,3,76.0,495.0
208,1,27.5,178.0
209,2,33.0,185.0
210,2,45.0,295.0
211,2,51.6,325.0
212,3,87.0,350.0
213,3,47.0,250.0
214,1,37.0,260.0
215,2,50.0,298.0
216,3,63.0,399.0
217,2,36.77,245.0
218,2,36.77,245.0
219,2,36.0,264.263
220,2,50.84,299.0
221,2,40.87,299.491
222,2,43.58,327.52
223,2,53.3,337.896
224,2,53.5,337.896
225,3,70.57,390.0
226,1,35.87,193.0
227,2,41.88,208.0
228,2,51.0,210.0
229,2,41.88,214.0
230,2,68.62,215.0
231,2,41.88,224.0
232,2,41.88,224.0
233,2,41.88,224.0
234,2,41.88,224.0
235,2,41.88,224.0
236,2,41.88,224.0
237,2,47.64,236.0
238,2,47.64,243.0
239,2,47.64,255.0
240,2,47.71,255.0
241,2,47.64,255.0
242,2,47.64,255.0
243,2,47.64,255.0
244,3,57.6,294.0
245,3,57.56,294.0
246,2,53.7,295.0
247,4,79.0,359.0
248,5,164.0,1390.0
249,1,29.59,192.335
250,2,40.0,225.0
251,2,48.08,275.0
252,2,37.0,243.0
253,3,46.12,269.0
254,3,64.0,303.0
255,2,52.0,338.9
256,3,83.0,360.0
257,4,89.0,550.0
258,2,54.0,245.0
259,2,58.28,269.0
260,3,60.0,330.0
261,5,104.46,599.0
262,2,46.94,239.394
263,2,51.0,299.0
264,2,50.73,349.0
265,1,25.88,178.88
266,2,39.0,238.0
267,3,55.96,341.188
268,2,52.0,260.0
269,2,58.0,280.0
270,3,47.14,296.982
271,4,74.0,339.0
272,3,64.0,350.0
273,2,44.0,269.0
274,3,56.09,275.0
275,4,93.0,550.0
276,4,146.5,820.4
277,4,134.75,1387.925
278,2,39.5,239.0
279,2,38.0,243.0
280,2,43.82,260.0
281,3,52.4,308.882
282,3,87.0,365.0
283,4,72.0,410.0
284,4,97.0,670.0
285,2,42.24,219.0
286,1,43.7,270.0
287,3,65.7,284.0
288,2,43.37,350.0
289,4,155.97,1793.655
290,1,28.5,178.788
291,3,50.0,255.0
292,4,72.0,309.0
293,3,55.53,350.0
294,5,150.32,1683.584
295,3,52.02,265.926
296,2,58.0,269.0
297,2,44.0,270.0
298,2,49.0,280.0
299,3,60.0,300.0
300,3,70.0,375.0
301,3,69.0,419.0
302,3,84.0,672.0
303,2,80.01,840.105
304,2,80.68,879.412
305,2,50.0,269.0
306,2,53.9,279.0
307,2,49.4,298.376
308,2,49.8,307.0
309,3,70.0,345.0
310,1,33.0,187.0
311,2,45.25,235.3
312,3,67.0,469.0
313,2,55.0,550.0
314,4,90.0,679.0
315,1,25.0,195.0
316,4,77.0,355.0
317,4,107.0,365.0
318,3,84.97,690.0
319,2,34.78,172.161
320,3,60.0,330.0
321,3,61.48,360.0
322,2,53.0,219.0
323,2,51.7,235.0
324,4,62.0,350.0
325,4,120.0,620.0
326,1,35.0,160.0
327,1,26.89,195.0
328,3,51.3,271.89
329,3,69.5,350.0
330,3,70.38,422.28
331,1,40.0,215.0
332,3,58.0,299.0
333,3,74.51,299.996
334,3,89.0,340.0
335,3,63.0,415.0
336,4,102.0,425.0
337,2,44.53,267.046
338,2,52.0,269.0
339,2,46.37,278.081
340,2,50.0,289.0
341,3,57.66,351.553
342,3,62.11,384.896
343,3,66.41,411.543
344,3,64.0,274.0
345,2,55.0,445.0
346,2,46.0,243.0
347,3,59.1,359.919
348,4,85.0,460.0
349,2,44.0,169.9
350,1,32.0,175.0
351,2,41.5,240.0
352,2,39.4,252.106
353,6,121.0,350.0
354,2,50.0,210.0
355,2,42.0,225.0
356,1,45.0,239.0
357,2,52.0,239.0
358,3,55.6,338.993
359,4,93.0,548.0
360,2,40.0,270.0
361,2,47.5,289.275
362,3,55.8,300.0
363,3,56.23,348.457
364,3,67.58,418.793
365,2,41.11,246.537
366,2,39.41,252.106
367,2,48.0,270.0
368,2,42.84,274.047
369,2,46.29,277.601
370,3,58.0,279.0
371,2,49.0,325.0
372,4,76.1,471.344
373,2,50.0,260.0
374,3,56.0,289.0
375,2,64.64,299.0
376,3,53.8,328.019
377,3,67.97,421.21
378,3,48.0,265.0
379,2,52.0,275.0
380,2,46.0,279.0
381,2,72.0,398.99
382,3,76.0,399.0
383,3,78.0,299.0
384,3,67.0,365.0
385,3,107.0,399.0
386,2,80.9,799.0
387,2,66.0,239.0
388,3,51.0,270.0
389,3,72.0,334.0
390,3,103.0,589.0
391,2,38.0,239.0
392,3,56.0,245.0
393,2,40.0,179.0
394,2,41.48,265.348
395,2,42.84,274.047
396,2,44.0,205.0
397,2,39.41,252.106
398,2,45.0,225.0
399,2,41.11,246.537
400,3,63.0,265.0
401,2,48.16,400.0
402,3,93.0,900.0
403,3,72.0,459.0
404,2,48.0,285.0
405,3,64.0,339.0
406,3,86.9,419.0
407,3,94.0,465.0
408,4,87.0,900.0
409,3,75.7,474.2
410,2,35.0,235.0
411,3,74.0,355.0
412,2,43.0,235.0
413,3,62.98,540.0
414,2,50.0,279.0
415,3,72.0,420.0
416,2,61.0,285.0
417,1,29.0,180.0
418,2,36.0,189.0
419,1,35.0,209.9
420,1,32.0,200.0
421,2,47.3,285.0
422,4,73.0,615.0
423,1,28.5,178.788
424,2,37.0,224.88
425,3,55.34,332.0
426,2,39.41,252.106
427,2,46.37,278.081
428,3,52.4,308.882
429,3,60.0,273.0
430,3,59.25,360.0
431,2,42.7,219.905
432,2,38.24,235.0
433,1,36.7,238.131
434,2,52.0,275.0
435,3,52.45,315.495
436,2,42.7,219.905
437,2,43.17,222.326
438,2,50.43,259.714
439,2,41.48,265.348
440,2,34.56,183.168
441,2,49.32,246.0
442,3,58.31,265.0
443,2,45.59,273.403
444,3,56.09,275.0
445,3,59.0,278.0
446,3,53.0,329.0
447,3,82.0,419.0
448,2,41.83,246.537
449,2,66.0,249.0
450,1,42.06,206.094
451,3,65.0,399.0
452,3,85.0,439.0
453,4,75.0,430.0
454,3,68.0,399.0
455,2,49.74,289.0
456,2,50.0,292.0
457,2,52.0,305.0
458,2,55.0,320.0
459,3,85.0,439.0
460,3,73.0,550.0
461,3,71.0,465.0
462,3,72.0,385.0
463,1,23.0,129.0
464,3,58.0,299.0
465,3,72.0,359.0
466,3,54.0,355.0
467,2,51.31,430.0
468,3,60.44,295.0
469,4,103.69,600.0
470,3,64.0,318.0
471,2,46.37,301.318
472,3,63.02,309.0
473,3,56.67,345.517
474,2,49.0,299.0
475,2,45.59,273.403
476,2,45.59,273.403
477,2,41.11,246.537
478,2,49.4,255.0
479,3,51.0,308.882
480,3,43.34,310.0
481,1,29.48,165.0
482,2,39.41,252.106
483,2,40.0,272.0
484,2,45.22,238.083
485,3,61.5,375.0
486,2,36.6,228.84
487,2,45.59,273.403
488,3,48.96,313.344
489,2,55.04,330.0
490,2,33.12,202.92
491,2,73.94,348.0
492,3,61.0,375.0
493,1,26.93,196.589
494,3,56.67,345.517
495,2,60.0,349.0
496,1,34.3,199.0
497,2,73.21,366.0
498,3,53.8,271.69
499,4,88.0,489.0
500,2,54.71,327.0
501,4,74.4,377.0
502,2,46.0,260.0
503,2,46.0,260.0
504,3,58.0,325.0
505,2,46.0,250.0
506,2,46.0,250.0
507,2,47.9,270.0
508,3,55.0,297.005
509,2,39.0,240.0
510,2,38.5,245.0
511,3,51.0,270.0
512,3,60.0,320.0
513,3,58.0,325.0
514,3,62.0,336.0
515,3,68.5,375.0
516,4,71.9,319.0
517,3,85.0,349.0
518,3,65.76,358.8
519,4,78.0,450.0
520,4,79.1,450.0
521,3,57.4,310.0
522,3,58.8,317.0
523,3,61.0,335.0
524,1,30.7,161.0
525,2,36.1,195.0
526,2,60.0,259.9
527,3,61.7,325.0
528,2,45.9,253.0
529,2,48.5,260.0
530,3,61.1,312.0
531,2,34.56,183.168
532,2,41.0,213.2
533,2,46.18,220.0
534,2,47.0,238.0
535,6,129.25,982.3
536,3,53.0,276.6
537,3,56.0,291.0
538,2,34.56,183.168
539,3,61.0,304.7
540,2,33.0,140.0
541,3,52.0,342.0
542,3,81.91,466.068
543,4,89.41,550.0
544,2,42.09,315.0
545,3,54.97,364.0
546,2,43.1,315.0
547,4,90.67,448.685
548,3,73.97,493.0
549,4,70.79,827.181
550,2,50.15,365.0
551,4,79.33,422.014
552,3,71.13,473.0
553,3,59.1,359.919
554,3,64.23,391.803
555,3,64.7,439.96
556,3,45.0,256.0
557,3,62.3,379.407
558,3,66.0,401.94
559,2,45.0,217.0
560,3,64.6,359.9
561,3,59.0,360.0
562,3,70.44,422.0
563,2,36.0,225.0
564,3,57.0,265.0
565,3,55.0,275.0
566,2,55.27,329.9
567,4,107.0,365.0
568,4,80.15,536.0
569,4,95.0,539.0
570,3,56.0,265.0
571,2,41.5,289.0
572,4,107.0,299.0
573,3,68.41,530.0
574,4,96.53,629.7
575,2,47.0,180.0
576,2,43.63,256.544
577,2,52.0,259.0
578,4,77.0,360.0
579,1,33.42,196.51
580,2,51.0,329.9
581,3,85.0,444.0
582,1,36.0,156.0
583,1,26.0,199.0
584,2,37.45,253.5
585,2,49.0,299.0
586,5,73.52,599.0
587,1,24.6,95.0
588,2,36.0,244.5
589,2,49.28,274.7
590,3,71.65,299.0
591,3,53.67,307.7
592,3,60.9,308.8
593,1,20.61,235.758
594,2,58.9,318.7
595,5,151.0,469.9
596,3,105.0,587.7
597,4,79.32,434.7
598,2,45.05,290.573
599,2,41.58,293.139
600,3,66.0,343.0
601,1,36.0,149.9
602,2,50.0,285.0
603,3,70.0,399.7
604,3,44.7,220.0
605,2,45.05,297.33
606,3,48.86,244.3
607,1,27.0,179.0
608,1,24.0,185.0
609,2,45.0,309.0
610,3,57.2,429.0
611,1,41.0,219.0
612,3,50.0,285.0
613,1,25.0,149.9
614,2,37.33,186.65
615,3,48.5,295.0
616,3,65.0,420.0
617,3,58.0,299.0
618,3,56.0,315.0
619,2,46.25,365.0
620,2,54.2,420.0
621,3,86.0,470.0
622,2,33.0,237.0
623,2,75.0,258.0
624,2,44.91,219.609
625,2,40.0,280.0
626,1,34.0,229.0
627,2,41.0,259.0
628,2,43.0,285.0
629,2,51.0,345.0
630,3,71.0,367.0
631,3,64.0,285.0
632,3,62.0,305.0
633,3,55.81,315.0
634,2,44.0,265.0
635,2,50.0,319.0
636,2,47.0,184.9
637,2,44.0,239.0
638,3,56.0,275.0
639,4,73.0,360.0
640,3,65.73,395.0
641,3,77.0,455.0
642,4,99.0,635.0
643,3,47.0,286.0
644,4,74.0,520.0
645,3,54.0,235.0
646,2,68.0,289.0
647,2,52.0,255.0
648,2,82.0,299.0
649,2,72.0,346.0
650,4,58.1,434.0
651,3,58.0,299.0
652,3,57.3,365.0
653,2,53.0,365.0
654,2,53.0,254.0
655,3,69.0,329.0
656,2,50.0,352.0
657,1,38.35,239.9
658,2,42.0,275.0
659,3,61.0,289.0
660,3,55.13,335.0
661,4,87.0,515.0
662,2,86.0,799.0
663,3,51.0,269.0
664,4,113.0,445.0
665,2,38.0,184.0
666,2,64.3,252.0
667,3,67.8,309.0
668,3,77.0,379.0
669,2,56.0,399.0
670,3,95.48,485.0
671,2,37.9,264.353
672,3,55.0,280.0
673,2,72.0,335.0
674,3,73.0,425.0
675,3,66.0,440.0
676,2,60.0,450.0
677,2,60.0,600.0
678,2,41.6,270.0
679,4,74.0,339.0
680,3,74.0,440.0
681,2,57.0,249.0
682,2,74.8,280.0
683,2,56.0,280.0
684,2,52.0,303.0
685,4,70.0,350.0
686,3,62.0,360.0
687,3,70.2,489.645
688,4,126.17,612.0
689,2,41.0,215.0
690,2,35.0,235.0
691,3,54.0,239.9
692,2,75.0,325.0
693,4,107.0,419.0
694,2,81.25,450.0
695,3,74.0,456.0
696,3,100.0,579.0
697,1,27.21,180.0
698,1,41.77,217.204
699,2,41.5,249.0
700,1,23.0,127.0
701,1,19.0,139.9
702,1,37.0,249.0
703,2,41.0,215.0
704,3,68.04,444.0
705,4,73.33,499.0
706,1,27.0,159.9
707,2,43.0,255.0
708,3,56.05,324.529
709,3,56.05,325.089
710,2,50.1,349.447
711,2,48.44,259.0
712,3,54.39,299.0
713,4,117.11,796.348
714,1,29.48,147.4
715,1,41.77,217.204
716,2,46.6,279.6
717,1,25.8,149.382
718,1,32.09,170.077
719,2,45.0,225.0
720,2,39.44,197.2
721,2,44.03,220.15
722,2,52.77,262.0
723,2,56.58,281.0
724,3,59.28,296.4
725,3,61.5,327.488
726,2,47.14,235.7
727,2,47.5,282.625
728,3,61.0,347.088
729,3,61.0,361.63
730,1,34.5,210.0
731,3,54.7,287.175
732,2,48.6,289.17
733,3,56.2,295.05
734,3,54.39,299.0
735,3,51.1,301.49
736,3,58.96,330.176
737,3,61.5,330.563
738,2,46.8,278.46
739,4,64.94,375.839
740,2,45.5,270.725
741,1,30.4,163.4
742,1,30.4,167.96
743,2,35.8,181.685
744,2,36.5,184.325
745,2,36.8,185.84
746,2,32.78,214.0
747,2,32.07,214.0
748,2,35.21,224.0
749,2,44.5,224.725
750,2,32.78,225.0
751,2,44.5,225.837
752,2,44.5,225.837
753,2,32.73,229.0
754,2,35.21,229.0
755,2,35.21,229.0
756,2,35.21,235.0
757,2,35.21,235.0
758,2,35.21,239.0
759,2,35.21,244.0
760,2,38.89,244.0
761,2,38.89,244.0
762,2,35.93,244.0
763,2,48.4,244.42
764,2,46.2,246.015
765,2,44.3,247.637
766,2,48.8,247.66
767,2,44.4,248.196
768,2,38.89,249.0
769,2,38.89,249.0
770,2,35.85,249.0
771,2,39.98,249.0
772,2,39.98,249.0
773,2,44.7,249.873
774,2,45.9,253.597
775,2,45.9,253.597
776,2,39.83,254.0
777,2,39.83,254.0
778,2,40.09,254.0
779,2,39.83,259.0
780,2,41.92,259.0
781,2,40.09,259.0
782,2,39.98,259.0
783,2,39.98,259.0
784,2,40.01,261.0
785,2,39.82,261.0
786,2,39.9,261.0
787,2,47.1,263.289
788,2,39.83,264.0
789,2,41.92,264.0
790,2,40.01,264.0
791,2,39.82,264.0
792,2,39.9,264.0
793,2,40.01,266.0
794,2,39.82,266.0
795,2,39.9,266.0
796,3,53.1,268.155
797,2,39.78,269.0
798,2,41.92,269.0
799,2,40.01,269.0
800,2,39.82,269.0
801,2,39.9,269.0
802,2,39.82,269.0
803,2,48.3,269.997
804,2,48.4,270.556
805,2,48.4,270.556
806,2,48.6,271.674
807,2,48.7,272.233
808,3,53.7,272.527
809,3,51.3,273.173
810,2,39.99,274.0
811,2,39.75,274.0
812,2,39.79,274.0
813,2,40.01,274.0
814,2,39.82,274.0
815,2,49.4,276.146
816,2,47.7,276.66
817,2,49.7,277.823
818,2,45.11,279.0
819,2,44.99,279.0
820,2,44.99,279.0
821,2,44.99,279.0
822,2,46.5,283.185
823,3,51.3,283.432
824,2,45.11,284.0
825,2,45.11,284.0
826,2,44.99,284.0
827,2,44.99,284.0
828,2,44.99,285.0
829,2,44.99,285.0
830,2,46.23,289.0
831,2,47.5,289.275
832,3,51.8,289.562
833,3,51.9,290.121
834,3,57.5,290.375
835,3,57.5,290.375
836,3,57.5,290.375
837,2,46.23,291.0
838,3,57.5,291.812
839,3,57.5,291.812
840,3,58.0,292.9
841,3,58.0,294.35
842,3,51.7,299.86
843,3,54.6,305.214
844,3,54.6,305.214
845,3,54.8,306.332
846,3,54.8,306.332
847,2,47.95,311.196
848,3,57.7,311.58
849,3,56.6,312.715
850,2,44.2,313.82
851,3,58.8,317.52
852,2,52.08,318.729
853,3,50.91,319.0
854,2,44.2,320.45
855,2,45.5,324.188
856,2,52.23,324.87
857,3,58.9,329.251
858,3,61.0,329.4
859,3,59.1,330.369
860,3,50.91,339.0
861,3,53.54,339.0
862,3,54.24,339.0
863,3,53.54,339.0
864,3,54.24,339.0
865,2,46.8,339.3
866,2,46.8,339.3
867,2,46.8,339.3
868,2,46.8,339.3
869,2,46.8,339.3
870,2,46.8,339.3
871,2,46.8,339.3
872,2,46.8,339.3
873,2,47.8,340.575
874,2,54.15,340.603
875,2,48.5,343.138
876,2,48.2,343.425
877,3,56.8,343.64
878,3,53.54,344.0
879,3,53.54,344.0
880,3,54.24,344.0
881,2,55.5,344.1
882,3,57.0,344.85
883,2,48.46,345.968
884,3,53.54,349.0
885,3,53.54,349.0
886,3,54.24,349.0
887,3,62.7,350.493
888,2,49.8,352.335
889,2,49.5,352.688
890,3,60.3,352.755
891,2,49.9,353.043
892,3,53.54,354.0
893,3,54.24,354.0
894,3,54.24,354.0
895,3,56.24,354.0
896,2,49.7,354.113
897,2,48.9,357.704
898,3,50.91,359.0
899,3,59.1,359.919
900,3,56.24,364.0
901,3,56.24,364.0
902,2,49.9,365.019
903,3,56.24,369.0
904,3,56.24,369.0
905,3,58.98,369.0
906,3,58.98,369.0
907,3,59.65,369.0
908,3,57.67,369.0
909,3,57.02,370.06
910,3,57.02,370.06
911,3,57.58,370.903
912,3,56.24,374.0
913,3,56.24,374.0
914,3,58.98,374.0
915,3,58.98,374.0
916,3,58.98,374.0
917,3,59.65,379.0
918,3,59.65,379.0
919,3,58.72,379.0
920,3,62.3,379.407
921,3,64.86,382.674
922,3,64.86,382.674
923,3,58.98,384.0
924,3,58.98,384.0
925,3,59.65,384.0
926,3,59.65,384.0
927,3,59.65,384.0
928,3,61.25,384.0
929,3,61.25,384.0
930,3,57.67,384.0
931,3,64.86,384.0
932,3,61.33,384.0
933,3,58.98,389.0
934,3,58.98,389.0
935,3,60.78,389.0
936,3,61.25,389.0
937,3,57.59,389.0
938,3,64.86,389.0
939,3,64.86,389.0
940,3,55.0,391.875
941,3,58.98,394.0
942,3,60.78,394.0
943,3,60.78,394.0
944,3,61.33,394.0
945,3,63.09,394.0
946,3,63.09,394.0
947,3,58.98,399.0
948,3,60.71,399.0
949,3,60.78,399.0
950,3,59.48,399.0
951,3,58.72,399.0
952,3,63.73,399.0
953,3,64.86,399.0
954,3,64.86,399.0
955,3,66.0,401.94
956,3,56.6,403.275
957,3,59.48,404.0
958,3,58.72,404.0
959,3,63.73,404.0
960,3,68.52,404.0
961,3,63.01,404.0
962,3,68.52,404.0
963,3,63.09,404.0
964,3,59.48,409.0
965,3,58.72,409.0
966,3,59.48,409.0
967,3,58.72,409.0
968,3,63.73,409.0
969,3,61.25,409.0
970,3,68.52,409.0
971,3,63.01,409.0
972,3,68.52,409.0
973,3,63.01,409.0
974,3,66.76,409.0
975,3,66.76,409.0
976,3,60.2,410.865
977,3,68.52,414.0
978,3,63.01,414.0
979,3,68.52,414.0
980,3,66.76,414.0
981,3,66.76,414.0
982,2,63.64,416.842
983,3,68.38,419.0
984,3,62.92,419.0
985,3,68.52,419.0
986,3,66.68,424.0
987,3,66.76,424.0
988,3,66.55,428.769
989,3,66.68,429.0
990,3,66.68,434.0
991,3,66.68,434.0
992,4,77.8,434.902
993,3,68.36,436.82
994,3,61.89,437.872
995,3,68.36,440.922
996,3,68.36,443.656
997,3,66.59,444.0
998,3,66.68,444.0
999,4,74.55,447.225
1000,3,70.12,448.066
1001,3,69.74,449.153
1002,3,71.72,451.119
1003,3,71.72,454.0
1004,3,69.74,456.182
1005,3,72.07,460.527
1006,3,72.07,460.527
1007,3,72.08,460.591
1008,3,64.1,464.725
1009,3,64.1,464.725
1010,3,64.1,464.725
1011,3,64.5,467.625
1012,3,64.5,467.625
1013,3,64.5,467.625
1014,4,75.08,469.0
1015,3,64.2,469.623
1016,4,74.95,474.0
1017,4,75.07,474.0
1018,4,81.4,492.47
1019,3,65.5,494.525
1020,3,67.8,495.957
1021,3,65.0,510.25
1022,3,64.5,512.775
1023,3,65.5,514.175
1024,3,70.0,514.5
1025,3,70.1,515.235
1026,3,69.0,520.95
1027,3,69.5,524.725
1028,3,69.6,525.48
1029,3,70.0,528.5
1030,3,69.5,531.675
1031,3,70.0,535.5
1032,3,70.1,536.265
1033,3,70.0,542.5
1034,4,81.6,596.904
1035,5,90.51,599.0
1036,5,95.5,634.0
1037,4,90.7,693.855
1038,4,90.7,693.855
1039,4,90.7,693.855
1040,4,97.3,711.75
1041,4,97.7,714.676
1042,4,90.7,721.065
1043,4,90.7,730.135
1044,4,90.7,730.135
1045,4,90.7,730.135
1046,4,90.7,739.205
1047,4,90.7,739.205
1048,4,90.7,766.415
1049,4,90.7,766.415
1050,4,98.2,854.34
1051,4,98.2,854.34
1052,2,36.1,199.452
1053,2,46.2,239.316
1054,2,45.7,252.492
1055,2,45.7,252.492
1056,2,45.7,252.492
1057,2,45.7,252.492
1058,2,45.7,252.492
1059,2,45.9,253.597
1060,2,45.9,253.597
1061,2,45.9,253.597
1062,3,58.0,280.0
1063,3,51.3,283.432
1064,3,51.3,283.432
1065,3,51.3,283.432
1066,3,61.0,310.0
1067,3,56.6,312.715
1068,3,56.7,313.267
1069,3,56.8,313.82
1070,3,56.8,313.82
1071,3,56.8,313.82
1072,3,56.8,313.82
1073,3,56.9,314.372
1074,3,56.9,314.372
1075,3,57.1,315.477
1076,3,57.5,317.687
1077,3,58.2,321.555
1078,2,47.2,333.94
1079,3,60.7,335.367
1080,3,60.7,335.367
1081,3,60.9,336.472
1082,3,60.9,336.472
1083,3,61.0,337.025
1084,3,61.5,339.787
1085,2,48.5,345.563
1086,2,48.5,345.563
1087,2,64.0,350.0
1088,3,65.0,399.0
1089,3,62.0,478.0
1090,5,110.0,598.0
1091,5,110.0,598.0
1092,1,30.4,163.4
1093,2,35.9,181.295
1094,1,33.0,205.0
1095,2,44.5,224.725
1096,2,43.0,240.0
1097,2,53.0,329.0
1098,1,33.0,330.0
1099,3,55.0,340.0
1100,2,50.9,346.0
1101,2,51.0,346.0
1102,2,48.8,347.7
1103,2,51.73,351.0
1104,2,50.9,351.0
1105,2,50.9,351.0
1106,2,52.4,356.0
1107,3,61.75,388.0
1108,3,64.94,402.0
1109,3,64.94,402.0
1110,3,62.72,407.0
1111,3,65.65,413.0
1112,2,71.32,427.0
1113,3,65.81,427.0
1114,3,64.94,428.0
1115,3,65.81,434.0
1116,3,71.32,434.98
1117,3,64.94,435.0
1118,3,64.94,435.0
1119,3,63.5,440.0
1120,3,71.32,442.0
1121,3,78.0,450.0
1122,3,64.0,468.16
1123,3,67.7,495.226
1124,3,75.0,499.0
1125,4,89.4,636.976
1126,3,97.0,639.0
1127,4,83.0,699.0
1128,1,33.0,186.0
1129,3,49.06,219.0
1130,2,46.0,260.0
1131,3,57.75,299.0
1132,3,66.0,330.0
1133,2,52.0,334.0
1134,3,60.0,335.0
1135,3,54.0,359.0
1136,2,43.37,360.0
1137,4,74.4,369.0
1138,3,62.0,385.0
1139,3,69.0,389.0
1140,3,68.0,409.0
1141,3,64.0,449.0
1142,3,118.94,459.0
1143,3,72.1,479.0
1144,4,74.39,495.0
1145,3,100.0,779.0
1146,1,30.4,163.4
1147,2,48.0,215.0
1148,1,34.37,217.0
1149,1,34.37,221.0
1150,1,34.37,224.0
1151,2,39.43,247.0
1152,2,42.33,249.0
1153,2,42.33,257.0
1154,2,41.11,257.0
1155,2,42.33,262.0
1156,2,42.55,262.0
1157,2,42.55,262.0
1158,2,41.29,262.0
1159,2,56.0,265.0
1160,2,43.09,267.0
1161,2,43.09,272.0
1162,2,43.09,272.0
1163,2,42.55,272.0
1164,2,44.25,273.0
1165,2,44.25,274.0
1166,2,44.25,277.0
1167,2,44.25,277.0
1168,2,44.25,277.0
1169,2,47.62,278.577
1170,2,47.87,282.0
1171,2,45.67,284.0
1172,2,45.48,284.0
1173,2,45.35,284.0
1174,2,45.75,285.0
1175,2,45.75,285.0
1176,2,45.75,285.0
1177,2,45.75,287.0
1178,2,45.67,287.0
1179,2,45.48,287.0
1180,2,45.15,287.0
1181,2,45.75,287.0
1182,2,45.75,287.0
1183,2,47.02,287.0
1184,2,47.2,287.0
1185,2,47.23,287.0
1186,2,47.02,287.0
1187,2,47.62,287.0
1188,2,47.62,287.0
1189,2,47.62,287.0
1190,2,47.02,287.0
1191,2,47.2,287.0
1192,2,47.23,287.0
1193,2,48.23,287.0
1194,2,48.23,287.0
1195,2,47.87,289.0
1196,2,47.02,292.0
1197,2,47.2,292.0
1198,2,47.23,292.0
1199,2,47.02,292.0
1200,2,47.87,292.0
1201,2,47.62,292.0
1202,2,47.62,292.0
1203,2,47.62,292.0
1204,2,47.62,292.0
1205,2,47.02,292.0
1206,2,47.2,292.0
1207,2,47.23,292.0
1208,2,47.2,297.0
1209,2,47.23,297.0
1210,2,47.02,297.0
1211,2,47.62,297.0
1212,2,47.87,297.0
1213,2,47.61,297.0
1214,2,47.62,297.0
1215,2,47.02,297.0
1216,2,47.2,297.0
1217,2,47.02,297.0
1218,2,47.2,297.0
1219,2,47.02,297.0
1220,2,48.23,297.0
1221,2,47.02,297.0
1222,2,47.02,297.0
1223,2,47.2,297.0
1224,3,60.0,299.0
1225,2,47.24,300.0
1226,2,48.23,300.0
1227,3,64.0,315.0
1228,3,51.53,331.0
1229,3,64.0,350.0
1230,3,56.06,357.0
1231,3,57.17,362.0
1232,2,57.0,365.0
1233,4,75.0,419.0
1234,4,65.0,439.0
1235,4,99.0,450.0
1236,4,128.0,477.0
1237,3,89.0,580.0
1238,6,157.0,650.0
1239,3,79.0,699.0
1240,1,30.0,189.0
1241,2,51.0,239.0
1242,1,37.0,249.0
1243,3,53.8,271.69
1244,3,53.8,271.69
1245,3,58.0,280.0
1246,3,59.0,295.0
1247,4,62.9,327.017
1248,2,46.3,327.573
1249,2,46.6,329.695
1250,4,71.62,347.285
1251,3,60.3,349.74
1252,4,68.62,349.893
1253,4,73.35,352.007
1254,3,66.73,353.602
1255,4,73.37,355.771
1256,3,55.0,365.0
1257,3,87.0,375.0
1258,4,77.85,377.495
1259,2,64.0,384.0
1260,4,82.63,388.278
1261,4,71.7,399.0
1262,4,86.72,416.169
1263,4,83.82,419.016
1264,4,96.06,441.78
1265,4,95.39,448.238
1266,4,96.15,451.809
1267,4,100.1,460.36
1268,4,101.15,465.189
1269,3,64.2,469.623
1270,4,105.25,484.045
1271,4,93.17,484.391
1272,4,142.0,494.0
1273,3,96.0,520.0
1274,4,115.98,533.392
1275,5,110.0,599.0
1276,4,90.0,649.0
1277,1,36.0,165.0
1278,2,35.9,181.295
1279,2,40.0,238.0
1280,3,57.0,241.0
1281,2,45.4,253.786
1282,2,45.4,253.786
1283,2,45.7,255.463
1284,2,45.7,255.463
1285,2,47.3,264.407
1286,2,45.6,264.48
1287,2,47.4,264.966
1288,2,44.2,267.41
1289,2,44.2,267.41
1290,2,47.9,267.761
1291,2,47.9,267.761
1292,3,56.0,269.9
1293,3,53.8,271.69
1294,2,45.1,272.855
1295,2,45.3,274.065
1296,2,47.0,280.0
1297,2,46.3,280.115
1298,2,46.3,280.115
1299,2,46.3,280.115
1300,2,46.3,280.115
1301,2,46.3,280.115
1302,2,46.3,280.115
1303,2,46.3,280.115
1304,2,46.3,280.115
1305,2,46.8,283.14
1306,2,46.8,283.14
1307,2,46.8,283.14
1308,2,46.8,283.14
1309,3,50.7,283.413
1310,2,47.0,284.35
1311,2,47.0,284.35
1312,2,47.0,284.35
1313,3,50.2,303.71
1314,3,50.2,303.71
1315,3,50.3,304.315
1316,3,50.3,304.315
1317,3,51.1,309.155
1318,3,51.2,309.76
1319,3,51.2,309.76
1320,3,54.0,310.0
1321,2,50.0,320.0
1322,3,57.6,321.984
1323,4,66.83,323.0
1324,2,55.0,324.0
1325,4,62.9,327.017
1326,2,54.46,329.0
1327,3,56.0,329.0
1328,3,65.3,330.0
1329,2,55.6,340.0
1330,3,56.8,343.64
1331,3,57.0,344.85
1332,3,57.1,345.455
1333,4,71.62,347.285
1334,3,61.0,349.0
1335,4,68.62,349.893
1336,4,73.35,352.007
1337,2,49.5,352.688
1338,2,49.9,353.043
1339,3,66.73,353.602
1340,2,50.1,354.458
1341,4,73.37,355.771
1342,4,82.4,361.9
1343,4,77.62,364.736
1344,3,76.0,370.0
1345,4,77.85,377.495
1346,3,68.0,379.0
1347,3,64.4,380.0
1348,4,77.0,380.0
1349,3,63.9,386.595
1350,3,63.9,386.595
1351,2,78.14,395.0
1352,3,90.0,398.0
1353,2,55.0,399.0
1354,4,86.72,416.169
1355,4,83.82,419.016
1356,3,65.6,434.6
1357,3,65.9,436.588
1358,4,115.0,437.0
1359,3,62.0,438.65
1360,4,96.06,441.78
1361,3,65.6,447.72
1362,4,95.39,448.238
1363,3,65.9,449.767
1364,3,78.0,450.0
1365,4,96.15,451.809
1366,4,100.1,460.36
1367,3,65.6,460.84
1368,3,65.9,462.948
1369,4,101.15,465.189
1370,4,93.17,484.391
1371,3,70.0,489.0
1372,3,68.86,489.0
1373,2,75.0,500.0
1374,3,64.9,532.18
1375,4,115.98,533.392
1376,3,106.0,550.0
1377,3,69.4,562.14
1378,3,69.5,562.95
1379,3,69.4,569.08
1380,4,90.0,580.0
1381,3,76.5,650.25
1382,3,76.6,666.42
1383,4,90.0,675.0
1384,3,76.5,680.85
1385,4,97.6,690.52
1386,4,97.8,691.935
1387,4,90.7,780.02
1388,4,90.7,780.02
1389,1,30.4,163.4
1390,1,30.4,163.4
1391,1,30.4,163.4
1392,1,30.4,163.4
1393,1,30.4,163.4
1394,2,42.0,185.0
1395,2,35.3,189.737
1396,2,35.3,189.737
1397,2,35.3,189.737
1398,2,35.3,189.737
1399,2,35.3,189.737
1400,2,35.3,190.62
1401,2,36.1,194.037
1402,2,36.1,194.037
1403,2,36.1,194.037
1404,2,36.1,194.037
1405,2,36.1,194.037
1406,2,36.1,194.037
1407,2,36.1,194.037
1408,2,36.1,194.94
1409,2,36.1,199.452
1410,2,33.0,205.0
1411,2,44.5,225.837
1412,2,47.7,230.0
1413,2,45.6,245.1
1414,2,45.6,245.1
1415,2,45.6,245.1
1416,2,45.7,245.637
1417,2,45.7,245.637
1418,2,45.7,245.637
1419,2,45.7,245.637
1420,2,45.7,245.637
1421,2,45.7,245.637
1422,2,45.7,245.637
1423,2,45.7,245.637
1424,2,45.8,246.175
1425,2,45.9,246.712
1426,2,45.8,246.175
1427,2,45.9,246.712
1428,2,45.9,246.712
1429,2,45.9,246.712
1430,2,45.9,246.712
1431,2,45.9,246.712
1432,2,44.3,247.637
1433,2,44.4,248.196
1434,2,46.0,248.4
1435,2,46.0,248.4
1436,2,46.0,248.4
1437,2,46.2,249.48
1438,2,46.2,249.48
1439,2,38.0,256.0
1440,2,45.8,256.022
1441,2,48.0,258.0
1442,2,48.0,258.0
1443,2,48.0,258.0
1444,2,48.0,258.0
1445,2,48.0,258.0
1446,2,48.2,259.075
1447,2,48.2,259.075
1448,2,48.2,259.075
1449,3,54.0,260.0
1450,2,44.9,260.42
1451,2,45.1,261.58
1452,2,45.1,261.58
1453,2,48.5,261.9
1454,2,48.5,261.9
1455,3,52.1,264.407
1456,3,52.1,264.407
1457,3,52.1,264.407
1458,2,45.6,264.48
1459,2,45.6,264.48
1460,2,57.0,265.0
1461,2,45.8,265.64
1462,2,45.8,265.64
1463,2,47.6,266.084
1464,2,45.8,267.93
1465,3,53.1,269.482
1466,3,51.3,275.737
1467,3,51.3,275.737
1468,3,51.3,275.737
1469,3,51.3,275.737
1470,3,51.3,275.737
1471,3,51.3,275.737
1472,3,51.3,275.737
1473,3,51.3,275.737
1474,3,51.3,275.737
1475,2,47.7,276.66
1476,2,47.7,276.66
1477,2,47.7,276.66
1478,2,47.7,276.66
1479,2,47.7,276.66
1480,2,47.7,276.66
1481,2,47.7,276.66
1482,2,47.7,276.66
1483,2,48.6,281.88
1484,3,58.0,292.9
1485,3,51.7,299.86
1486,3,51.7,299.86
1487,3,51.7,299.86
1488,3,51.7,299.86
1489,3,51.7,299.86
1490,3,51.8,300.44
1491,3,51.8,300.44
1492,2,45.0,303.0
1493,3,57.5,309.062
1494,3,57.5,309.062
1495,3,57.5,309.062
1496,3,57.5,309.062
1497,3,57.5,309.062
1498,3,57.5,309.062
1499,3,57.5,309.062
1500,3,57.5,309.062
1501,3,57.5,309.062
1502,3,58.3,313.362
1503,3,58.3,313.362
1504,3,58.3,313.362
1505,3,58.3,313.362
1506,3,58.3,313.362
1507,3,58.6,314.975
1508,3,58.6,314.975
1509,3,58.6,314.975
1510,2,47.62,319.0
1511,3,54.6,319.41
1512,3,54.6,319.41
1513,3,54.6,319.41
1514,3,54.8,320.58
1515,3,54.8,320.58
1516,3,54.8,323.32
1517,3,60.5,325.187
1518,3,60.5,325.187
1519,3,60.5,325.187
1520,2,45.7,325.613
1521,3,60.6,325.725
1522,3,60.7,326.262
1523,3,60.7,326.262
1524,3,60.7,326.262
1525,3,60.7,326.262
1526,3,67.0,329.0
1527,3,58.9,329.251
1528,3,61.3,329.487
1529,3,61.3,329.487
1530,3,61.3,329.487
1531,3,61.5,330.562
1532,3,61.5,330.562
1533,2,55.6,340.0
1534,2,48.3,344.138
1535,3,62.3,348.257
1536,2,48.9,348.413
1537,3,60.3,349.74
1538,3,60.3,349.74
1539,2,50.5,350.0
1540,2,49.3,351.263
1541,2,49.5,352.688
1542,2,49.6,353.4
1543,2,49.9,355.538
1544,2,49.9,355.538
1545,2,49.9,355.538
1546,2,66.65,365.5
1547,2,50.1,366.482
1548,3,76.0,374.0
1549,3,59.8,385.0
1550,3,65.0,389.0
1551,3,64.0,395.0
1552,3,100.0,399.0
1553,2,57.47,399.0
1554,3,81.0,410.0
1555,4,81.0,431.95
1556,3,60.8,433.201
1557,3,85.0,439.0
1558,4,65.2,439.0
1559,3,62.0,445.0
1560,5,99.49,449.9
1561,4,94.0,458.0
1562,4,90.0,460.0
1563,4,90.9,480.0
1564,3,68.5,488.063
1565,3,68.1,498.152
1566,2,75.0,500.0
1567,3,68.5,501.078
1568,4,125.0,570.0
1569,4,84.8,604.201
1570,4,103.69,617.97
1571,4,89.5,654.693
1572,4,150.0,795.0
1573,3,107.0,1300.0
1574,1,27.0,175.0
1575,1,28.0,195.0
1576,2,37.25,201.15
1577,2,37.99,201.347
1578,2,53.0,224.0
1579,3,57.0,241.0
1580,2,44.5,248.755
1581,3,56.1,250.0
1582,2,42.0,260.0
1583,2,60.0,269.0
1584,3,54.0,275.0
1585,2,41.5,285.0
1586,2,52.6,295.0
1587,3,55.2,299.0
1588,4,53.5,299.0
1589,2,73.5,310.0
1590,2,42.1,315.0
1591,3,56.6,316.394
1592,3,56.7,316.953
1593,3,66.21,317.0
1594,3,63.0,325.0
1595,4,91.0,339.0
1596,2,44.0,340.0
1597,3,70.0,350.0
1598,3,56.0,350.0
1599,4,82.0,360.0
1600,4,72.02,374.432
1601,4,72.02,374.432
1602,4,94.0,375.0
1603,4,78.0,420.0
1604,3,93.0,420.0
1605,4,115.0,437.0
1606,3,82.66,459.0
1607,4,76.83,461.0
1608,4,67.0,468.0
1609,3,75.0,470.0
1610,3,75.0,470.0
1611,3,70.0,499.0
1612,4,96.78,503.159
1613,4,133.0,589.0
1614,3,83.0,680.0
1615,4,85.62,693.633
1616,2,35.9,182.192
1617,1,25.6,185.0
1618,1,30.0,189.0
1619,2,35.51,191.754
1620,2,34.12,195.0
1621,2,36.68,198.072
1622,2,38.14,202.142
1623,2,39.48,209.244
1624,2,40.28,213.484
1625,2,35.0,218.0
1626,1,19.95,223.3
1627,2,40.73,232.161
1628,2,41.01,233.757
1629,2,41.87,238.659
1630,2,42.05,239.685
1631,2,43.48,247.836
1632,2,60.0,250.0
1633,2,42.27,253.197
1634,2,42.42,254.096
1635,2,42.27,257.847
1636,2,42.42,258.762
1637,2,39.0,258.999
1638,2,42.61,259.921
1639,2,53.0,260.0
1640,3,58.2,264.0
1641,1,35.81,264.994
1642,2,50.29,266.487
1643,2,42.61,268.443
1644,2,56.0,269.0
1645,3,62.7,269.9
1646,2,42.0,270.0
1647,2,40.0,275.0
1648,2,49.0,275.0
1649,3,44.7,275.0
1650,2,61.0,279.0
1651,2,50.0,279.0
1652,2,50.0,298.0
1653,2,53.44,299.264
1654,3,77.0,300.0
1655,3,43.34,310.0
1656,2,58.0,310.0
1657,2,48.26,311.277
1658,3,56.89,312.895
1659,3,56.89,312.895
1660,2,46.74,313.158
1661,3,56.99,313.445
1662,2,48.26,313.69
1663,2,46.92,314.364
1664,3,65.0,317.0
1665,2,56.0,318.0
1666,3,57.9,318.45
1667,2,52.0,319.0
1668,3,58.09,319.495
1669,3,58.19,320.045
1670,3,58.5,321.75
1671,3,58.5,321.75
1672,3,58.65,322.575
1673,2,48.26,328.168
1674,2,46.92,333.132
1675,3,60.68,333.74
1676,3,60.78,334.29
1677,3,60.88,334.84
1678,2,46.6,335.52
1679,2,48.13,336.428
1680,2,53.13,340.0
1681,3,48.13,341.723
1682,3,57.68,345.503
1683,3,57.68,345.503
1684,3,57.76,345.982
1685,3,57.76,345.982
1686,2,49.0,349.0
1687,3,57.68,351.848
1688,3,57.76,352.336
1689,3,57.95,353.495
1690,3,57.95,353.495
1691,3,76.0,359.0
1692,2,58.52,365.75
1693,2,58.52,368.676
1694,2,58.52,368.676
1695,2,58.52,374.528
1696,3,64.4,380.0
1697,2,58.52,380.38
1698,3,61.26,382.875
1699,3,68.75,385.0
1700,3,61.26,385.938
1701,3,61.26,385.938
1702,3,61.26,385.938
1703,3,60.65,385.938
1704,2,58.32,390.744
1705,2,56.77,391.713
1706,3,61.26,392.064
1707,3,61.26,392.064
1708,2,58.32,396.576
1709,2,56.77,396.822
1710,3,61.26,398.19
1711,3,66.77,399.952
1712,3,66.77,399.97
1713,3,66.86,400.491
1714,3,66.86,400.491
1715,3,68.01,401.259
1716,2,58.32,402.408
1717,3,61.26,404.316
1718,3,61.26,404.316
1719,3,66.77,407.297
1720,3,66.86,407.846
1721,3,67.17,409.737
1722,3,61.23,410.241
1723,3,61.23,410.241
1724,3,61.23,416.364
1725,3,61.23,416.364
1726,3,61.23,422.487
1727,2,61.23,422.487
1728,3,81.55,450.0
1729,3,78.0,450.0
1730,3,61.0,498.0
1731,3,74.0,499.0
1732,3,84.0,520.0
1733,4,121.92,564.174
1734,3,95.0,630.0
1735,4,99.0,638.0
1736,4,85.22,667.655
1737,4,83.99,671.08
1738,4,181.0,699.0
1739,4,104.0,820.0
1740,1,12.17,136.219
1741,1,33.81,179.159
1742,2,35.8,181.685
1743,2,35.8,181.685
1744,2,35.9,182.192
1745,2,35.9,182.192
1746,2,36.4,184.73
1747,2,36.4,184.73
1748,2,36.4,184.73
1749,2,36.4,184.73
1750,2,36.5,185.237
1751,2,36.5,185.237
1752,2,36.5,185.237
1753,2,36.5,185.237
1754,2,36.5,185.237
1755,2,36.5,185.237
1756,2,36.5,185.237
1757,2,36.8,186.76
1758,1,26.0,190.0
1759,2,38.0,195.0
1760,2,37.36,198.008
1761,2,40.87,220.698
1762,2,51.0,225.0
1763,2,35.1,225.0
1764,2,44.5,225.837
1765,2,44.5,225.837
1766,2,44.5,225.837
1767,1,41.21,226.614
1768,2,42.81,226.893
1769,2,33.0,229.0
1770,2,35.0,235.0
1771,2,44.75,237.13
1772,2,48.4,245.63
1773,2,40.54,246.037
1774,3,47.0,250.0
1775,2,48.0,255.0
1776,2,48.77,258.432
1777,3,63.0,260.0
1778,3,58.0,264.0
1779,3,53.1,269.482
1780,3,53.1,269.482
1781,3,53.8,273.035
1782,3,53.0,275.0
1783,2,57.5,275.0
1784,2,50.0,280.0
1785,2,48.0,280.0
1786,2,64.64,289.9
1787,3,56.09,297.221
1788,2,56.39,298.811
1789,4,107.0,299.5
1790,4,78.0,299.99
1791,3,63.0,320.0
1792,2,51.8,320.0
1793,2,43.9,340.0
1794,3,62.0,349.0
1795,2,49.0,349.0
1796,3,68.0,349.0
1797,2,62.0,349.0
1798,3,61.92,350.0
1799,4,82.0,350.0
1800,3,61.91,359.0
1801,3,57.0,365.0
1802,3,62.8,370.0
1803,3,64.5,370.0
1804,3,70.0,379.0
1805,2,59.0,380.0
1806,3,62.0,384.0
1807,2,55.0,399.0
1808,3,77.0,399.0
1809,2,48.0,405.0
1810,4,90.1,420.0
1811,3,80.0,440.0
1812,4,82.1,444.0
1813,5,95.0,455.0
1814,3,60.0,479.0
1815,2,59.0,480.0
1816,5,80.22,481.0
1817,4,95.48,485.0
1818,3,70.0,490.0
1819,4,92.77,494.0
1820,4,93.49,499.0
1821,4,94.17,504.0
1822,4,150.0,559.0
1823,3,94.0,560.0
1824,4,96.0,560.0
1825,4,72.0,569.0
1826,5,142.2,614.304
1827,4,140.0,625.0
1828,4,132.0,633.6
1829,3,75.0,639.0
1830,4,85.0,650.0
1831,2,35.9,181.295
1832,2,35.9,181.295
1833,2,35.9,181.295
1834,2,35.9,181.295
1835,2,35.9,181.295
1836,2,36.4,183.82
1837,2,36.4,183.82
1838,2,36.4,183.82
1839,2,36.4,183.82
1840,2,36.4,183.82
1841,2,36.4,183.82
1842,2,36.4,183.82
1843,2,36.5,184.325
1844,2,36.5,184.325
1845,2,36.5,184.325
1846,2,36.5,184.325
1847,2,36.5,184.325
1848,2,36.5,184.325
1849,2,36.5,184.325
1850,2,36.5,184.325
1851,2,36.8,185.84
1852,2,36.8,185.84
1853,2,36.8,185.84
1854,2,36.8,185.84
1855,2,36.8,185.84
1856,1,28.0,189.0
1857,3,46.8,189.0
1858,1,26.0,199.0
1859,1,28.4,201.0
1860,2,38.5,207.9
1861,1,34.44,219.211
1862,2,44.5,224.725
1863,2,44.5,224.725
1864,2,44.5,224.725
1865,2,44.5,224.725
1866,2,44.5,224.725
1867,2,44.5,224.725
1868,2,44.5,224.725
1869,2,44.5,224.725
1870,2,44.5,224.725
1871,2,44.5,224.725
1872,2,44.5,224.725
1873,2,44.5,224.725
1874,1,47.81,234.269
1875,2,35.0,235.0
1876,2,50.0,239.0
1877,2,48.4,244.42
1878,2,48.4,244.42
1879,2,48.4,244.42
1880,2,48.9,246.945
1881,2,48.9,246.945
1882,2,48.9,246.945
1883,2,48.9,246.945
1884,2,40.83,247.797
1885,2,44.5,248.755
1886,3,50.4,254.52
1887,3,50.4,254.52
1888,4,72.8,254.9
1889,2,42.66,258.903
1890,2,65.0,260.0
1891,2,42.91,260.42
1892,3,52.1,263.105
1893,3,52.1,263.105
1894,3,48.1,265.0
1895,2,47.6,266.084
1896,3,46.0,267.0
1897,2,47.8,267.202
1898,3,53.1,268.155
1899,3,53.1,268.155
1900,2,47.7,271.89
1901,3,64.0,275.0
1902,2,50.0,275.0
1903,3,44.7,275.0
1904,3,48.7,275.155
1905,3,48.7,275.155
1906,2,50.0,279.0
1907,3,51.7,289.003
1908,3,51.9,290.121
1909,3,51.9,290.121
1910,3,57.5,290.375
1911,3,57.5,290.375
1912,3,52.1,291.239
1913,3,52.1,291.239
1914,3,58.0,292.9
1915,3,58.0,292.9
1916,3,53.4,298.506
1917,3,63.0,320.0
1918,3,68.0,320.0
1919,2,50.0,325.0
1920,3,62.0,329.0
1921,3,58.6,331.09
1922,2,58.6,334.02
1923,3,58.8,335.16
1924,2,55.0,339.0
1925,3,60.3,347.656
1926,3,60.3,347.656
1927,3,60.3,348.233
1928,3,73.6,349.9
1929,4,114.88,355.0
1930,3,81.2,389.0
1931,3,65.0,389.0
1932,3,68.3,393.0
1933,3,73.66,400.0
1934,3,62.36,403.532
1935,3,68.6,407.484
1936,3,68.0,409.0
1937,4,100.0,419.0
1938,3,68.61,420.511
1939,4,90.0,429.0
1940,4,77.7,434.343
1941,4,77.8,434.902
1942,4,77.8,434.902
1943,4,94.0,461.0
1944,3,83.0,480.0
1945,2,41.0,480.0
1946,4,68.1,484.0
1947,3,67.5,519.9
1948,3,68.9,523.64
1949,5,101.0,530.0
1950,3,65.4,536.28
1951,3,92.0,540.0
1952,3,68.9,558.09
1953,3,69.9,566.19
1954,3,70.0,567.0
1955,3,69.9,573.18
1956,4,152.0,585.0
1957,5,110.0,599.0
1958,4,104.0,620.0
1959,3,77.6,620.0
1960,4,135.0,620.0
1961,3,79.5,628.0
1962,4,90.7,743.74
1963,4,90.7,743.74
1964,4,90.7,761.88
1965,4,90.7,761.88
1966,5,142.5,780.0
1967,4,90.7,780.02
1968,4,90.7,780.02
1969,4,98.2,834.7
1970,4,141.0,850.0
1971,7,160.0,1090.0
1972,3,99.0,1100.0
1973,1,37.07,191.712
1974,2,43.0,194.0
1975,2,38.13,195.803
1976,2,38.13,196.944
1977,1,38.42,198.12
1978,1,38.35,199.868
1979,2,39.54,203.781
1980,2,39.54,203.781
1981,1,28.88,207.936
1982,2,39.36,208.237
1983,2,40.26,210.788
1984,2,40.26,210.788
1985,2,41.02,214.83
1986,2,41.06,217.088
1987,1,44.8,218.148
1988,1,34.44,219.211
1989,1,44.48,229.944
1990,1,35.91,234.313
1991,1,34.05,234.945
1992,2,46.35,245.284
1993,2,46.9,247.934
1994,2,46.9,248.04
1995,3,48.0,249.9
1996,2,45.0,250.0
1997,3,47.0,250.0
1998,2,45.7,250.893
1999,3,48.17,252.053
2000,1,35.58,254.397
2001,2,53.56,255.0
2002,2,69.0,255.0
2003,2,52.2,255.78
2004,3,52.48,256.907
2005,3,52.72,257.642
2006,2,43.44,258.468
2007,2,42.67,258.964
2008,2,46.0,259.0
2009,3,63.0,260.0
2010,2,42.93,260.542
2011,2,49.48,261.555
2012,2,43.1,261.573
2013,1,47.81,262.955
2014,2,45.5,263.0
2015,2,50.0,264.0
2016,2,54.2,265.58
2017,2,49.48,266.382
2018,3,51.61,267.029
2019,3,54.0,269.0
2020,2,69.24,269.0
2021,4,54.12,269.0
2022,4,54.12,269.0
2023,2,60.0,270.0
2024,1,46.51,270.0
2025,3,51.76,271.425
2026,3,52.52,271.536
2027,3,52.55,271.587
2028,3,52.72,272.364
2029,3,51.91,274.222
2030,3,51.91,274.275
2031,3,51.91,274.275
2032,3,51.91,274.275
2033,1,53.22,275.132
2034,3,52.11,275.335
2035,3,52.11,275.388
2036,2,54.3,276.93
2037,3,52.11,277.933
2038,3,52.72,278.674
2039,2,49.0,280.0
2040,2,51.51,280.0
2041,3,57.56,281.603
2042,2,54.4,281.846
2043,2,54.6,282.883
2044,1,46.51,282.967
2045,1,54.23,283.29
2046,3,52.11,283.336
2047,2,54.0,285.0
2048,2,46.54,285.244
2049,2,45.9,285.865
2050,2,46.7,286.224
2051,1,46.31,286.335
2052,2,41.58,286.902
2053,2,49.19,289.0
2054,2,59.16,289.002
2055,2,45.73,289.334
2056,2,50.0,290.0
2057,2,50.0,290.0
2058,3,54.84,290.228
2059,2,45.9,290.409
2060,2,42.11,290.559
2061,2,45.05,290.573
2062,1,46.31,290.711
2063,2,46.31,290.711
2064,2,46.7,290.848
2065,2,49.64,291.0
2066,2,46.33,293.13
2067,3,48.3,293.132
2068,2,41.58,293.139
2069,2,47.85,293.273
2070,2,45.73,293.861
2071,2,45.58,293.991
2072,3,62.0,295.0
2073,2,45.91,295.018
2074,2,46.31,295.087
2075,2,46.31,295.087
2076,3,60.4,295.568
2077,3,56.46,295.995
2078,2,46.85,296.42
2079,2,48.9,296.774
2080,2,42.11,296.876
2081,2,45.7,297.0
2082,3,57.45,297.021
2083,2,45.05,297.33
2084,2,46.33,297.717
2085,2,45.63,297.736
2086,2,51.0,299.0
2087,4,64.0,299.0
2088,2,52.0,299.0
2089,2,45.58,300.828
2090,2,56.0,300.888
2091,2,46.85,301.058
2092,2,49.94,303.085
2093,2,45.05,304.088
2094,2,59.17,305.568
2095,2,49.53,306.244
2096,2,45.58,307.665
2097,3,60.0,310.0
2098,3,59.33,310.853
2099,3,59.33,310.853
2100,2,49.53,310.925
2101,2,60.36,311.636
2102,1,58.71,311.958
2103,2,60.21,314.108
2104,4,64.45,315.266
2105,2,49.69,316.625
2106,3,60.4,316.68
2107,3,61.12,317.2
2108,3,61.12,317.2
2109,3,51.86,317.85
2110,2,46.21,318.849
2111,2,59.4,318.978
2112,2,50.0,319.0
2113,2,49.69,321.544
2114,3,51.86,322.984
2115,1,30.61,324.466
2116,1,28.21,327.236
2117,3,51.88,328.245
2118,4,66.83,329.0
2119,4,62.92,329.753
2120,2,63.84,331.032
2121,2,63.84,331.084
2122,4,63.41,331.643
2123,4,63.41,331.643
2124,3,69.25,332.331
2125,3,64.33,332.763
2126,3,63.35,335.225
2127,3,55.33,335.797
2128,2,64.5,337.943
2129,1,29.39,337.985
2130,3,64.5,337.995
2131,2,44.7,339.72
2132,3,54.1,340.0
2133,3,68.0,349.0
2134,3,62.0,350.0
2135,3,66.0,350.0
2136,2,50.0,352.0
2137,3,58.07,352.426
2138,3,58.12,352.73
2139,3,90.5,359.0
2140,2,53.0,360.0
2141,1,35.48,361.896
2142,2,70.58,365.82
2143,2,68.82,366.124
2144,4,70.83,366.226
2145,4,60.65,368.084
2146,4,60.66,368.145
2147,4,69.0,369.0
2148,2,57.0,370.0
2149,3,62.8,370.0
2150,3,76.88,370.734
2151,3,48.8,370.88
2152,2,46.17,371.28
2153,2,68.68,371.898
2154,3,61.28,371.908
2155,1,32.92,375.288
2156,3,71.3,377.819
2157,2,72.31,379.103
2158,1,63.23,385.0
2159,3,68.75,385.0
2160,1,78.89,385.679
2161,3,64.36,389.0
2162,3,64.27,390.054
2163,3,64.42,390.964
2164,3,62.36,391.465
2165,2,75.57,391.664
2166,2,74.41,392.73
2167,1,33.58,392.886
2168,2,75.66,392.964
2169,3,61.74,393.407
2170,3,75.88,393.432
2171,1,76.54,395.46
2172,2,75.22,396.864
2173,3,62.36,397.358
2174,3,68.0,398.0
2175,2,81.0,399.0
2176,2,64.0,399.0
2177,4,81.0,399.0
2178,1,33.03,399.663
2179,2,75.84,400.839
2180,2,58.4,402.96
2181,3,62.36,403.532
2182,3,84.3,404.64
2183,3,68.6,407.484
2184,3,86.0,412.8
2185,3,68.61,414.027
2186,1,78.09,415.214
2187,4,100.0,419.0
2188,1,80.78,419.796
2189,2,80.92,420.056
2190,3,69.42,421.309
2191,4,69.66,422.766
2192,3,84.6,423.0
2193,3,79.5,425.0
2194,2,35.88,426.972
2195,2,61.18,428.26
2196,4,57.2,429.0
2197,4,76.0,430.0
2198,3,65.0,430.0
2199,1,46.59,442.605
2200,3,70.0,450.0
2201,3,78.0,450.0
2202,2,84.5,451.326
2203,2,84.5,451.326
2204,2,87.15,452.296
2205,4,86.0,454.0
2206,4,100.0,455.0
2207,2,88.51,459.368
2208,4,84.0,460.0
2209,2,40.33,475.894
2210,2,42.05,476.079
2211,2,40.54,478.372
2212,4,81.0,481.95
2213,2,40.82,489.84
2214,4,90.67,498.685
2215,4,93.52,499.0
2216,3,70.0,500.0
2217,2,42.27,507.24
2218,4,105.0,519.0
2219,2,43.35,520.2
2220,1,51.4,524.28
2221,2,45.62,538.316
2222,2,46.85,543.46
2223,2,45.23,547.283
2224,2,46.24,554.88
2225,3,71.7,566.43
2226,2,49.74,572.01
2227,2,47.94,575.28
2228,3,53.97,582.876
2229,2,49.43,588.217
2230,2,49.06,593.626
2231,2,49.59,595.08
2232,2,51.13,598.221
2233,3,120.0,620.0
2234,4,104.0,620.0
2235,3,77.6,620.0
2236,2,54.37,641.566
2237,6,108.74,652.4
2238,3,82.75,653.725
2239,2,56.39,682.319
2240,3,61.48,682.428
2241,2,67.07,684.114
2242,6,115.75,694.5
2243,3,64.33,720.496
2244,3,65.74,729.714
2245,3,67.42,761.846
2246,2,77.52,790.704
2247,4,86.94,912.87
2248,4,105.74,919.938
2249,4,139.0,930.0
2250,4,113.39,941.137
2251,6,129.25,982.3
2252,4,133.78,1096.996
2253,5,152.85,1146.375
2254,5,171.13,1380.0
2255,5,171.99,1390.0
2256,1,21.0,139.0
2257,2,48.0,190.0
2258,2,52.0,190.0
2259,1,26.0,199.0
2260,2,56.6,199.0
2261,1,30.0,210.0
2262,2,40.0,217.65
2263,2,40.0,218.0
2264,2,41.0,225.0
2265,2,41.5,239.0
2266,2,40.0,240.0
2267,1,42.0,250.0
2268,3,46.0,255.0
2269,2,46.0,259.0
2270,2,56.0,260.0
2271,2,51.0,260.0
2272,2,75.0,261.0
2273,1,22.6,264.081
2274,3,55.7,265.0
2275,2,48.6,267.251
2276,3,50.55,267.864
2277,2,48.31,272.0
2278,2,45.4,272.264
2279,2,45.49,272.804
2280,2,45.59,273.403
2281,2,45.65,273.763
2282,3,64.0,274.0
2283,3,55.0,275.0
2284,2,51.0,275.0
2285,2,47.0,275.0
2286,2,50.0,279.0
2287,3,57.8,280.0
2288,2,40.0,285.0
2289,2,40.0,285.0
2290,2,40.0,285.0
2291,2,40.0,285.0
2292,2,43.0,289.0
2293,2,48.71,290.0
2294,1,26.1,298.845
2295,3,68.0,299.0
2296,3,57.01,302.096
2297,2,50.0,305.0
2298,4,77.0,310.0
2299,3,56.64,311.463
2300,3,63.0,319.0
2301,3,53.9,319.0
2302,3,52.0,319.0
2303,3,60.47,320.0
2304,4,70.0,320.0
2305,2,50.0,329.0
2306,4,66.83,329.0
2307,3,63.4,335.0
2308,2,56.0,340.0
2309,3,68.0,345.0
2310,3,60.0,345.0
2311,2,66.65,346.5
2312,3,63.15,347.262
2313,4,52.0,350.0
2314,2,50.1,351.952
2315,3,54.0,355.0
2316,3,72.0,359.0
2317,3,86.0,360.0
2318,3,71.0,370.0
2319,3,58.0,374.0
2320,3,70.0,375.0
2321,3,60.0,375.0
2322,2,55.6,380.0
2323,1,29.8,384.42
2324,3,68.78,389.0
2325,3,67.0,389.0
2326,4,73.4,395.0
2327,5,64.0,399.0
2328,3,73.4,407.37
2329,1,32.0,412.8
2330,4,78.4,420.0
2331,3,72.0,428.0
2332,3,65.6,431.319
2333,3,62.0,438.65
2334,3,81.5,450.0
2335,3,70.0,450.0
2336,4,99.0,450.0
2337,4,100.0,455.0
2338,3,75.0,459.0
2339,3,65.6,460.84
2340,2,38.82,461.958
2341,3,65.9,462.948
2342,4,104.2,489.636
2343,3,81.5,450.0
2344,3,70.0,450.0
2345,4,99.0,450.0
2346,4,100.0,455.0
2347,3,75.0,459.0
2348,3,65.6,460.84
2349,2,38.82,461.958
2350,3,65.9,462.948
2351,4,104.2,489.636
2352,4,80.0,499.0
2353,2,60.0,499.0
2354,3,70.0,510.0
2355,3,98.0,519.0
2356,4,100.55,553.025
2357,3,85.0,560.0
2358,4,104.82,576.51
2359,3,83.0,580.0
2360,3,110.0,589.0
2361,5,74.0,599.0
2362,4,138.56,665.088
2363,3,65.0,690.0
2364,4,97.6,690.52
2365,4,118.47,740.438
2366,4,98.0,856.9
2367,4,125.0,1250.0
2368,5,171.99,1390.0
2369,1,21.0,146.0
2370,1,21.0,162.0
2371,1,33.43,178.851
2372,1,28.02,182.13
2373,2,29.7,185.0
2374,1,27.15,187.335
2375,1,28.02,187.734
2376,1,26.58,188.718
2377,1,25.52,188.848
2378,1,28.02,190.536
2379,1,26.58,191.376
2380,1,27.15,195.48
2381,1,28.02,196.14
2382,1,26.93,196.589
2383,1,28.02,198.942
2384,1,29.84,199.928
2385,1,29.77,202.436
2386,1,28.52,202.492
2387,1,30.5,204.35
2388,1,29.76,205.344
2389,1,32.17,209.105
2390,1,29.76,211.296
2391,3,43.0,215.0
2392,1,33.14,215.41
2393,1,31.37,216.453
2394,1,31.83,219.627
2395,1,33.19,222.373
2396,2,35.08,224.512
2397,1,33.19,225.692
2398,1,35.23,228.995
2399,2,36.81,231.903
2400,1,31.9,232.87
2401,2,36.07,234.455
2402,2,35.0,235.0
2403,2,44.54,236.017
2404,2,36.88,236.032
2405,2,37.84,238.392
2406,1,34.08,238.56
2407,2,65.0,239.0
2408,2,35.94,244.392
2409,1,33.57,245.061
2410,1,36.07,245.276
2411,2,39.47,248.661
2412,2,40.0,249.0
2413,2,49.36,249.268
2414,2,41.45,250.0
2415,1,37.72,252.724
2416,2,35.13,252.936
2417,3,56.91,255.0
2418,2,39.0,260.0
2419,2,45.0,265.0
2420,2,50.17,265.851
2421,2,40.6,267.96
2422,2,50.0,269.0
2423,3,56.12,269.0
2424,2,35.2,272.8
2425,3,45.0,275.0
2426,2,44.0,275.0
2427,2,56.0,275.0
2428,2,57.5,275.0
2429,3,63.4,275.0
2430,1,37.46,275.331
2431,2,51.96,275.336
2432,2,52.13,276.237
2433,2,52.24,276.82
2434,2,50.0,279.0
2435,2,52.76,279.575
2436,3,60.0,280.0
2437,2,60.0,280.0
2438,1,36.19,280.473
2439,2,54.0,286.146
2440,2,38.5,289.0
2441,3,61.0,289.0
2442,2,54.0,289.0
2443,2,48.0,290.0
2444,2,55.85,290.0
2445,3,61.0,290.0
2446,1,37.46,290.315
2447,2,54.87,290.756
2448,3,48.5,295.0
2449,3,62.0,295.0
2450,2,65.0,295.0
2451,3,56.01,296.797
2452,2,56.17,297.645
2453,2,50.0,298.0
2454,2,49.0,299.0
2455,1,41.68,323.02
2456,2,46.94,323.886
2457,2,56.0,325.0
2458,2,46.0,327.0
2459,3,70.0,329.0
2460,2,52.0,329.0
2461,4,100.0,330.0
2462,2,50.12,338.31
2463,3,64.7,339.0
2464,2,62.2,340.0
2465,2,44.17,342.318
2466,3,64.92,344.011
2467,4,96.74,345.0
2468,3,62.0,349.0
2469,2,51.0,349.0
2470,3,69.6,349.999
2471,3,68.0,350.0
2472,4,62.0,350.0
2473,2,45.7,354.175
2474,3,87.0,359.0
2475,2,46.5,360.375
2476,1,47.54,368.435
2477,2,48.0,379.0
2478,3,70.0,380.0
2479,4,127.0,380.0
2480,4,74.3,380.0
2481,4,74.3,380.0
2482,3,62.0,390.0
2483,4,73.4,395.0
2484,3,84.0,395.0
2485,3,60.0,398.0
2486,4,110.0,399.0
2487,3,57.86,399.234
2488,3,68.61,414.027
2489,4,72.0,420.0
2490,4,84.0,424.5
2491,3,58.92,430.116
2492,3,106.0,455.0
2493,2,52.0,470.0
2494,3,74.0,470.0
2495,3,90.0,490.0
2496,2,79.36,495.0
2497,3,72.1,499.0
2498,3,66.88,499.339
2499,4,102.0,519.0
2500,4,80.15,529.0
2501,4,80.15,529.0
2502,4,89.0,529.0
2503,4,89.0,550.0
2504,3,74.0,550.0
2505,3,91.0,596.0
2506,3,105.0,598.0
2507,2,54.0,599.0
2508,4,106.0,599.0
2509,4,110.13,663.748
2510,5,153.0,670.0
2511,3,65.0,690.0
2512,2,61.0,739.0
2513,1,27.0,165.0
2514,1,27.0,179.0
2515,1,24.51,183.335
2516,1,27.0,190.0
2517,2,36.7,195.0
2518,1,29.7,195.01
2519,1,32.3,199.0
2520,1,31.8,200.245
2521,1,36.0,210.0
2522,1,32.63,212.519
2523,2,40.66,218.832
2524,2,46.0,219.0
2525,1,30.22,220.274
2526,2,33.5,222.0
2527,2,41.0,225.0
2528,3,50.0,230.0
2529,2,40.66,218.832
2530,2,46.0,219.0
2531,1,30.22,220.274
2532,2,33.5,222.0
2533,2,41.0,225.0
2534,3,50.0,230.0
2535,1,28.0,233.0
2536,2,43.0,238.0
2537,2,35.7,240.0
2538,4,39.35,242.002
2539,1,39.1,244.649
2540,2,60.0,250.0
2541,2,60.0,250.0
2542,2,53.56,255.0
2543,2,31.8,259.0
2544,2,53.0,260.0
2545,1,40.18,265.309
2546,2,58.0,269.0
2547,3,53.8,269.0
2548,2,44.0,275.0
2549,3,60.0,279.0
2550,2,48.0,280.0
2551,3,48.0,280.0
2552,1,46.51,282.967
2553,2,40.0,285.0
2554,2,48.0,285.0
2555,2,41.5,289.0
2556,2,49.5,289.0
2557,3,59.7,289.0
2558,2,65.0,290.0
2559,3,62.0,290.0
2560,3,64.0,290.0
2561,2,46.31,290.711
2562,2,46.41,294.379
2563,2,46.41,298.323
2564,2,52.0,299.0
2565,2,47.0,299.0
2566,3,60.0,299.0
2567,2,46.44,302.696
2568,2,48.01,303.76
2569,2,55.7,309.0
2570,3,50.0,310.0
2571,3,54.45,311.127
2572,2,52.0,315.0
2573,2,56.67,317.7
2574,3,51.86,317.85
2575,2,56.83,318.434
2576,2,56.83,319.225
2577,2,56.83,319.508
2578,2,56.67,319.734
2579,2,56.83,319.79
2580,2,50.0,320.0
2581,2,56.85,320.016
2582,2,56.83,320.298
2583,2,56.83,321.485
2584,3,51.88,328.245
2585,3,48.0,329.0
2586,3,60.7,335.0
2587,2,50.39,337.059
2588,3,53.98,343.205
2589,3,56.0,348.0
2590,3,84.5,349.0
2591,3,57.37,349.728
2592,2,50.5,350.0
2593,4,77.0,350.0
2594,3,70.0,350.0
2595,3,54.54,354.0
2596,4,62.0,360.0
2597,3,86.68,360.0
2598,3,57.37,361.89
2599,3,67.49,361.949
2600,3,63.0,365.0
2601,3,71.0,369.0
2602,4,63.08,387.059
2603,3,58.57,389.0
2604,4,74.0,389.0
2605,4,75.0,390.0
2606,3,64.0,395.0
2607,4,71.7,399.0
2608,4,98.0,399.0
2609,2,50.0,399.0
2610,4,62.66,403.342
2611,3,62.36,403.532
2612,3,68.0,405.0
2613,1,52.0,409.0
2614,4,102.0,415.0
2615,3,68.61,420.511
2616,3,59.0,430.7
2617,3,85.0,439.0
2618,3,74.0,440.0
2619,3,63.0,440.0
2620,3,86.0,445.0
2621,3,75.0,449.0
2622,3,74.0,450.0
2623,4,76.0,450.0
2624,4,100.0,455.0
2625,4,85.0,460.0
2626,3,80.0,475.0
2627,4,101.0,480.0
2628,4,67.98,490.884
2629,3,70.7,495.0
2630,3,67.15,501.22
2631,4,78.58,511.556
2632,4,70.21,512.533
2633,3,89.0,520.0
2634,3,76.0,520.0
2635,3,66.92,546.669
2636,3,77.5,549.0
2637,3,80.96,573.925
2638,4,84.53,607.01
2639,4,104.0,650.0
2640,4,96.5,699.0
2641,6,105.64,721.627
2642,4,130.0,840.0
2643,5,175.0,900.0
2644,5,160.0,900.0
2645,8,200.0,1400.0
2646,1,36.0,165.0
2647,3,41.34,175.0
2648,1,31.0,179.0
2649,1,33.25,184.936
2650,2,36.0,215.0
2651,2,53.85,229.0
2652,2,40.0,229.0
2653,2,33.0,230.0
2654,1,28.0,230.0
2655,2,37.0,230.0
2656,2,34.7,235.0
2657,2,37.23,237.899
2658,2,43.0,238.0
2659,1,36.8,248.005
2660,2,46.0,250.0
2661,2,46.06,250.0
2662,2,46.14,250.786
2663,2,57.5,255.0
2664,2,43.2,259.0
2665,3,58.0,259.0
2666,3,58.0,259.0
2667,2,53.0,259.0
2668,2,38.0,260.0
2669,2,53.0,260.0
2670,2,54.0,265.0
2671,2,58.0,269.0
2672,2,44.0,270.0
2673,2,40.0,275.0
2674,2,49.2,275.0
2675,2,58.0,280.0
2676,3,61.0,290.0
2677,2,55.0,290.0
2678,2,65.0,299.0
2679,3,56.0,300.0
2680,2,63.19,302.0
2681,2,49.0,304.0
2682,2,49.0,309.0
2683,2,49.0,309.0
2684,3,63.08,309.029
2685,3,60.78,309.56
2686,3,63.0,320.0
2687,2,48.0,320.0
2688,2,53.04,333.621
2689,2,55.27,335.0
2690,3,63.4,335.0
2691,3,67.22,336.1
2692,1,29.39,337.985
2693,2,64.0,339.0
2694,3,53.5,339.0
2695,4,64.0,340.0
2696,2,55.5,344.1
2697,3,67.0,349.0
2698,3,60.3,349.0
2699,3,55.36,349.0
2700,3,60.0,350.0
2701,4,52.0,350.0
2702,4,65.0,350.0
2703,4,67.0,350.0
2704,2,50.0,352.0
2705,2,50.0,359.0
2706,3,72.0,359.0
2707,4,73.0,365.0
2708,3,82.56,369.0
2709,3,72.0,378.0
2710,3,73.0,380.0
2711,3,66.38,385.0
2712,3,58.0,385.0
2713,3,65.9,385.0
2714,3,58.57,389.0
2715,5,87.0,399.0
2716,3,75.0,399.0
2717,3,73.0,400.0
2718,3,77.0,405.0
2719,3,65.16,410.0
2720,3,81.0,429.0
2721,3,76.0,430.0
2722,3,80.0,440.0
2723,4,86.1,446.737
2724,3,63.0,449.9
2725,3,73.0,450.0
2726,4,89.0,455.0
2727,3,75.0,459.0
2728,3,75.0,459.0
2729,4,82.0,460.0
2730,3,76.0,460.0
2731,3,94.0,465.0
2732,4,68.0,465.0
2733,4,143.8,469.9
2734,4,143.66,469.9
2735,4,141.66,469.9
2736,4,141.66,469.9
2737,4,84.0,475.0
2738,4,90.0,475.0
2739,2,63.0,480.0
2740,4,125.0,499.0
2741,3,79.0,499.0
2742,2,42.27,507.24
2743,3,82.23,545.0
2744,3,99.0,549.0
2745,2,50.05,575.575
2746,3,120.0,619.0
2747,2,54.37,641.566
2748,3,67.42,761.846
2749,5,175.0,900.0
2750,4,86.94,912.87
2751,1,25.0,160.0
2752,1,27.0,172.0
2753,2,35.8,182.938
2754,2,36.4,183.82
2755,2,36.5,184.325
2756,2,36.3,185.493
2757,1,25.0,196.0
2758,1,26.0,204.0
2759,2,33.0,210.0
2760,2,37.5,215.0
2761,2,47.1,217.0
2762,2,36.4,219.0
2763,2,44.5,224.725
2764,2,45.0,225.0
2765,2,40.0,229.0
2766,2,37.0,230.0
2767,2,41.0,235.0
2768,2,50.0,245.0
2769,2,39.43,247.0
2770,2,42.0,250.0
2771,2,34.56,250.0
2772,2,50.4,254.52
2773,2,57.5,255.0
2774,2,44.0,259.0
2775,2,43.0,259.0
2776,2,57.7,265.0
2777,3,69.0,269.0
2778,3,63.0,270.0
2779,2,41.5,275.0
2780,2,43.3,285.0
2781,1,46.31,290.711
2782,3,58.0,292.9
2783,2,47.0,295.0
2784,2,45.0,295.0
2785,2,58.1,296.891
2786,3,61.0,299.0
2787,2,57.0,307.8
2788,4,77.0,310.0
2789,3,58.0,313.0
2790,3,54.0,314.9
2791,4,66.83,329.0
2792,3,80.2,329.0
2793,3,80.2,329.0
2794,3,57.5,330.0
2795,3,54.0,330.0
2796,2,53.0,330.0
2797,3,65.3,342.303
2798,2,53.06,344.359
2799,3,63.0,345.0
2800,3,63.0,345.0
2801,2,49.0,349.0
2802,3,62.0,349.0
2803,2,51.78,349.0
2804,2,54.35,352.731
2805,4,78.5,360.0
2806,4,82.0,369.0
2807,4,81.0,369.0
2808,3,70.0,369.0
2809,2,50.7,370.0
2810,2,59.0,375.0
2811,4,83.3,393.0
2812,3,70.0,395.0
2813,4,88.0,396.0
2814,3,68.0,399.0
2815,3,86.0,410.0
2816,5,83.3,415.0
2817,3,76.0,420.0
2818,3,65.0,429.0
2819,3,65.0,434.85
2820,3,74.0,450.0
2821,3,94.0,465.0
2822,3,143.66,469.9
2823,3,62.0,480.0
2824,3,70.0,490.0
2825,3,63.0,499.0
2826,4,95.03,530.0
2827,3,60.0,549.0
2828,3,81.86,564.834
2829,3,82.0,569.9
2830,4,104.41,574.255
2831,3,120.0,590.0
2832,4,92.0,598.0
2833,5,142.0,614.304
2834,4,93.26,625.0
2835,4,99.0,750.0
2836,2,66.0,800.0
2837,7,187.0,930.0
2838,9,330.0,960.0
2839,1,25.95,169.973
2840,1,25.94,172.501
2841,1,33.25,184.937
2842,1,28.51,186.741
2843,1,35.0,189.0
2844,2,37.0,189.0
2845,2,36.1,194.94
2846,1,34.12,199.0
2847,1,31.34,202.143
2848,1,33.14,207.224
2849,1,33.14,207.224
2850,1,33.14,207.224
2851,1,33.25,207.912
2852,2,40.0,212.0
2853,2,32.07,214.0
2854,1,34.37,217.0
2855,2,40.66,218.832
2856,2,40.0,219.0
2857,2,36.0,220.0
2858,2,38.4,226.56
2859,2,36.0,227.0
2860,2,46.68,231.049
2861,2,43.32,231.762
2862,2,43.22,234.0
2863,2,36.0,235.0
2864,2,45.22,238.083
2865,1,38.82,238.743
2866,1,38.89,239.174
2867,3,48.0,240.0
2868,1,39.2,241.88
2869,2,37.14,242.0
2870,1,39.23,242.003
2871,1,40.85,243.058
2872,1,40.98,243.831
2873,2,45.34,244.428
2874,2,45.34,244.428
2875,2,49.0,244.967
2876,1,41.42,247.282
2877,2,48.0,249.0
2878,2,45.0,249.0
2879,2,47.57,250.456
2880,2,46.14,250.787
2881,1,41.43,251.438
2882,2,55.0,252.0
2883,2,47.24,255.0
2884,2,52.86,255.0
2885,2,48.31,255.265
2886,2,46.0,259.0
2887,2,48.0,259.0
2888,2,48.28,259.582
2889,2,48.31,259.744
2890,2,41.0,260.0
2891,1,43.39,262.51
2892,3,49.5,265.0
2893,2,45.76,265.408
2894,2,45.76,265.408
2895,2,44.14,267.047
2896,3,56.91,269.0
2897,2,45.66,269.394
2898,3,55.0,270.0
2899,2,50.76,270.0
2900,2,50.0,273.0
2901,2,40.0,275.0
2902,2,45.34,276.166
2903,2,45.34,276.166
2904,3,48.62,277.134
2905,3,47.0,278.0
2906,2,45.66,280.809
2907,3,49.37,281.409
2908,2,41.27,284.763
2909,2,47.0,290.0
2910,3,57.0,290.0
2911,1,37.46,290.315
2912,2,47.95,294.0
2913,3,63.0,295.0
2914,2,43.25,295.0
2915,2,48.34,299.0
2916,3,55.0,300.0
2917,2,54.0,300.0
2918,3,59.25,302.175
2919,3,51.28,302.552
2920,1,49.94,304.436
2921,1,50.09,305.767
2922,3,64.0,309.0
2923,1,50.04,310.452
2924,1,50.09,310.637
2925,4,73.1,315.0
2926,2,70.87,315.0
2927,3,63.9,319.0
2928,2,57.01,319.256
2929,4,70.1,320.0
2930,3,66.79,320.56
2931,2,59.5,328.0
2932,4,72.2,329.0
2933,2,54.0,329.0
2934,2,43.0,329.9
2935,3,53.0,330.0
2936,2,52.0,330.0
2937,2,51.0,330.0
2938,2,54.0,330.0
2939,3,54.85,331.843
2940,3,55.9,333.0
2941,3,53.63,334.0
2942,2,56.0,336.0
2943,4,91.0,339.0
2944,2,64.0,339.0
2945,3,55.0,340.0
2946,3,56.42,341.341
2947,2,62.2,345.0
2948,3,63.0,345.0
2949,1,44.0,349.0
2950,3,75.0,350.0
2951,2,49.5,350.0
2952,4,79.0,359.0
2953,2,52.0,359.0
2954,3,107.17,359.0
2955,4,83.0,359.0
2956,2,57.0,359.0
2957,4,80.29,361.304
2958,4,107.0,365.0
2959,4,81.23,365.477
2960,3,60.0,370.0
2961,2,68.25,370.0
2962,3,59.9,375.0
2963,3,58.0,375.0
2964,4,94.0,380.0
2965,3,62.0,384.0
2966,3,69.0,385.0
2967,3,62.0,385.0
2968,3,80.0,389.0
2969,3,60.17,389.0
2970,3,57.0,389.0
2971,3,60.35,391.671
2972,3,64.0,391.8
2973,3,70.0,395.0
2974,4,88.0,396.0
2975,3,73.0,398.0
2976,3,84.29,399.0
2977,5,100.0,400.0
2978,4,90.1,420.0
2979,3,85.0,439.0
2980,4,74.4,440.0
2981,3,62.07,445.0
2982,3,62.08,445.0
2983,3,83.0,450.0
2984,4,79.0,450.0
2985,3,79.21,450.0
2986,3,80.0,455.0
2987,4,98.02,475.397
2988,4,98.54,477.919
2989,3,83.28,478.86
2990,3,66.07,498.691
2991,2,58.0,499.0
2992,3,88.0,500.0
2993,4,70.05,511.365
2994,4,97.0,520.0
2995,3,65.0,520.0
2996,4,131.53,525.0
2997,3,96.0,529.0
2998,4,93.0,540.0
2999,4,150.0,549.9
3000,4,115.0,585.0
3001,4,105.0,599.0
3002,6,110.0,600.0
3003,6,110.0,600.0
3004,4,119.0,630.0
3005,4,117.52,799.0
3006,4,86.6,1299.0
3007,3,101.0,1400.0
3008,5,144.0,1450.0
3009,1,13.07,149.508
3010,1,31.39,168.815
3011,1,33.74,180.509
3012,2,36.3,183.315
3013,1,27.24,187.956
3014,1,27.24,187.956
3015,1,16.91,193.433
3016,1,35.0,199.0
3017,2,28.93,199.617
3018,1,32.0,205.0
3019,2,32.5,209.0
3020,2,43.5,209.99
3021,2,43.5,209.99
3022,2,51.0,220.0
3023,1,20.39,223.209
3024,2,51.0,229.0
3025,2,38.0,229.0
3026,2,38.0,233.0
3027,2,43.22,234.9
3028,2,35.0,240.0
3029,2,35.96,240.932
3030,2,35.96,240.932
3031,2,35.96,240.932
3032,2,46.52,240.974
3033,2,36.02,241.334
3034,2,36.02,241.334
3035,2,36.02,241.334
3036,2,46.3,245.76
3037,2,53.0,248.0
3038,2,45.0,249.0
3039,2,64.3,249.0
3040,2,39.0,249.0
3041,2,54.75,250.0
3042,3,46.5,255.0
3043,3,74.0,260.0
3044,2,48.0,265.0
3045,2,39.24,265.0
3046,2,44.0,269.0
3047,2,43.63,270.0
3048,2,45.4,272.264
3049,2,50.0,275.0
3050,2,46.0,275.0
3051,2,42.5,275.0
3052,2,51.0,275.0
3053,2,46.0,275.0
3054,3,57.5,275.0
3055,2,47.1,275.0
3056,2,42.57,276.705
3057,2,42.57,276.705
3058,2,42.57,276.705
3059,2,41.44,277.648
3060,2,50.23,279.0
3061,3,36.5,280.0
3062,3,63.0,284.0
3063,2,57.74,286.693
3064,2,51.0,287.0
3065,2,44.26,287.69
3066,2,44.26,287.69
3067,2,44.26,287.69
3068,3,80.57,289.0
3069,2,44.59,289.0
3070,2,52.0,290.0
3071,3,51.7,299.86
3072,3,56.0,305.0
3073,2,52.86,306.588
3074,3,48.96,313.344
3075,3,48.96,313.344
3076,3,48.96,313.344
3077,3,48.96,313.344
3078,3,60.0,315.0
3079,2,64.0,322.456
3080,3,52.0,328.0
3081,3,83.49,329.0
3082,3,61.1,329.0
3083,3,56.29,330.0
3084,3,56.29,330.0
3085,3,62.7,330.0
3086,3,55.56,333.36
3087,4,73.1,335.0
3088,4,62.0,335.0
3089,3,52.0,339.0
3090,3,63.0,340.0
3091,3,56.0,348.0
3092,3,60.88,350.0
3093,4,61.8,350.0
3094,3,78.0,350.1
3095,2,74.0,355.0
3096,4,77.0,355.0
3097,3,60.72,358.248
3098,2,54.0,359.0
3099,3,63.0,360.0
3100,3,61.2,361.08
3101,3,67.0,369.0
3102,3,68.0,369.0
3103,3,66.0,369.0
3104,3,64.0,370.0
3105,2,46.17,371.28
3106,3,59.9,375.0
3107,4,75.55,386.77
3108,3,91.0,389.0
3109,3,70.0,390.0
3110,4,84.0,393.0
3111,1,33.66,393.822
3112,3,62.36,397.358
3113,3,90.0,398.0
3114,4,120.0,399.0
3115,3,86.0,400.0
3116,3,65.0,400.0
3117,3,83.0,410.0
3118,3,74.0,439.0
3119,3,77.0,440.0
3120,3,77.9,440.0
3121,3,78.21,450.0
3122,4,99.0,450.0
3123,1,38.65,451.625
3124,3,70.25,454.43
3125,3,70.25,454.431
3126,3,96.0,460.0
3127,4,86.0,460.0
3128,4,84.97,464.916
3129,2,59.0,479.0
3130,4,104.0,480.0
3131,1,42.36,484.556
3132,3,71.43,492.867
3133,3,71.43,492.868
3134,4,90.0,495.0
3135,3,73.0,495.0
3136,4,74.5,499.0
3137,4,72.0,579.0
3138,3,77.6,620.0
3139,4,78.0,625.0
3140,5,139.0,650.0
3141,3,75.0,650.0
3142,4,104.0,650.0
3143,4,88.12,690.0
3144,4,100.0,699.0
3145,5,181.0,699.0
3146,3,79.0,699.0
3147,3,70.38,818.0
3148,4,87.0,900.0
3149,5,120.0,1300.0
3150,3,91.0,1547.0
3151,4,133.3,2399.4
3152,1,26.0,145.0
3153,2,48.0,165.0
3154,1,27.0,175.0
3155,1,27.0,178.0
3156,1,34.66,197.862
3157,1,32.3,200.0
3158,1,26.0,203.9
3159,1,36.0,205.0
3160,2,35.0,210.0
3161,1,39.0,220.0
3162,2,35.21,224.0
3163,2,53.85,229.0
3164,2,35.21,229.0
3165,2,44.17,234.101
3166,2,44.2,234.26
3167,2,51.0,240.0
3168,2,46.86,241.303
3169,1,20.71,241.996
3170,2,38.89,244.0
3171,2,45.72,244.567
3172,2,54.0,245.0
3173,2,55.0,248.0
3174,2,50.3,249.0
3175,2,35.85,249.0
3176,2,58.96,250.0
3177,2,55.0,252.0
3178,2,38.4,255.0
3179,2,48.0,259.0
3180,2,48.44,259.0
3181,2,39.82,264.0
3182,2,54.0,265.0
3183,3,50.0,265.0
3184,2,41.62,265.0
3185,2,54.0,270.0
3186,2,53.0,275.0
3187,2,44.0,275.0
3188,3,55.0,275.0
3189,3,67.82,275.0
3190,2,54.6,279.0
3191,2,45.22,279.0
3192,2,50.23,279.0
3193,2,44.99,279.0
3194,2,46.33,288.543
3195,1,40.0,289.0
3196,3,58.0,289.0
3197,2,60.0,289.0
3198,3,68.0,290.0
3199,2,47.0,290.0
3200,3,61.0,290.0
3201,2,67.0,290.0
3202,2,45.05,290.573
3203,2,46.31,290.711
3204,2,46.31,290.711
3205,2,41.58,293.139
3206,2,45.58,293.991
3207,2,45.05,297.33
3208,2,49.0,299.0
3209,3,76.0,299.0
3210,3,60.0,299.0
3211,2,45.58,300.828
3212,2,45.05,304.088
3213,2,45.58,307.665
3214,4,72.2,309.0
3215,2,50.0,310.0
3216,2,54.26,314.708
3217,2,50.8,315.0
3218,2,46.21,318.849
3219,3,58.79,319.938
3220,2,48.0,320.0
3221,3,54.05,320.0
3222,3,77.0,325.0
3223,3,63.0,325.0
3224,3,54.7,325.0
3225,3,64.0,329.564
3226,2,56.97,330.426
3227,3,66.69,333.405
3228,4,72.0,335.0
3229,4,72.0,335.0
3230,3,66.36,335.052
3231,3,68.01,345.0
3232,2,62.0,349.0
3233,2,71.0,349.0
3234,2,57.0,350.0
3235,2,50.0,352.0
3236,3,54.0,359.0
3237,4,82.0,359.0
3238,3,64.0,359.0
3239,4,70.41,359.074
3240,4,74.0,360.0
3241,4,52.0,360.0
3242,1,75.72,363.42
3243,4,71.16,368.609
3244,4,71.23,368.971
3245,3,48.0,370.0
3246,3,63.0,370.0
3247,3,62.15,375.0
3248,3,76.0,379.0
3249,3,65.0,379.0
3250,4,73.19,379.124
3251,3,62.6,380.0
3252,3,60.33,380.079
3253,3,68.75,385.0
3254,3,62.0,385.0
3255,3,70.0,388.0
3256,4,75.85,388.5
3257,3,91.92,389.0
3258,3,59.0,389.0
3259,2,38.38,390.0
3260,4,73.1,391.085
3261,3,68.0,399.0
3262,3,100.0,399.0
3263,3,68.9,399.999
3264,2,52.64,400.0
3265,3,64.0,405.0
3266,3,72.5,409.988
3267,4,79.33,422.014
3268,3,80.0,430.0
3269,3,83.0,430.0
3270,4,81.37,437.973
3271,3,80.0,439.0
3272,3,110.37,440.0
3273,3,67.31,440.0
3274,3,62.0,445.0
3275,3,62.0,445.0
3276,3,80.6,450.0
3277,3,70.0,450.0
3278,1,38.65,451.625
3279,4,75.94,455.0
3280,3,94.0,465.0
3281,4,76.0,472.006
3282,2,40.6,480.0
3283,1,41.56,485.629
3284,5,130.0,489.0
3285,4,106.27,490.967
3286,4,106.41,491.614
3287,3,120.0,498.0
3288,3,119.76,499.0
3289,3,100.0,530.0
3290,4,100.0,530.0
3291,4,82.54,535.0
3292,3,114.19,564.0
3293,4,100.0,575.0
3294,3,70.0,580.0
3295,3,70.0,580.0
3296,3,97.0,582.0
3297,3,92.0,680.0
3298,3,73.86,738.0
3299,3,71.0,950.0
3300,6,129.25,982.3
3301,4,172.0,1390.0
3302,5,171.99,1390.0
3303,3,110.0,1650.0
3304,1,36.0,165.0
3305,2,42.0,178.0
3306,1,36.0,179.0
3307,1,33.25,184.937
3308,1,25.0,185.0
3309,1,33.0,189.0
3310,1,28.0,189.0
3311,2,36.0,190.0
3312,1,26.0,199.0
3313,1,32.0,200.0
3314,1,29.16,203.0
3315,1,30.67,206.0
3316,1,36.0,209.0
3317,1,31.43,210.581
3318,1,33.07,221.569
3319,1,33.07,221.569
3320,2,33.41,223.847
3321,2,50.57,224.0
3322,2,33.89,224.0
3323,2,38.0,225.0
3324,1,31.0,229.0
3325,2,42.0,235.0
3326,2,36.88,236.032
3327,1,34.08,238.56
3328,2,40.5,239.0
3329,2,46.1,239.729
3330,1,21.44,239.978
3331,2,35.96,240.932
3332,2,38.33,249.0
3333,2,45.0,249.9
3334,2,44.0,249.999
3335,3,48.1,250.0
3336,2,38.5,250.0
3337,2,47.57,250.456
3338,2,37.72,252.724
3339,2,41.0,253.0
3340,2,52.0,255.0
3341,2,57.5,255.0
3342,2,50.0,255.0
3343,1,38.0,255.0
3344,2,48.31,255.265
3345,2,34.56,257.5
3346,2,38.44,257.548
3347,2,38.44,257.548
3348,2,38.44,257.548
3349,2,38.44,257.548
3350,3,51.0,260.0
3351,2,38.81,260.027
3352,2,38.81,260.027
3353,2,38.81,260.027
3354,3,56.0,265.0
3355,2,58.0,265.0
3356,1,23.41,267.787
3357,3,59.0,268.0
3358,2,53.56,269.0
3359,3,62.7,269.0
3360,3,61.0,269.0
3361,2,60.0,270.0
3362,2,58.0,270.0
3363,3,48.1,270.0
3364,2,44.19,272.0
3365,2,46.58,273.0
3366,2,43.31,276.0
3367,2,43.91,276.0
3368,2,50.0,278.0
3369,2,44.0,279.0
3370,2,51.0,279.0
3371,2,38.97,279.0
3372,2,50.0,280.0
3373,2,50.0,280.0
3374,2,65.0,280.0
3375,2,45.6,282.0
3376,2,46.0,283.0
3377,3,51.3,283.4
3378,3,63.0,284.0
3379,2,50.0,284.0
3380,2,50.0,285.0
3381,2,43.31,285.0
3382,2,43.31,285.0
3383,2,45.29,285.0
3384,2,46.0,285.243
3385,2,51.0,289.0
3386,2,46.93,289.0
3387,2,47.29,289.0
3388,2,51.72,289.632
3389,2,65.0,290.0
3390,2,46.93,292.0
3391,2,45.0,295.0
3392,2,51.0,299.0
3393,3,61.0,299.0
3394,2,57.0,299.0
3395,2,47.77,299.0
3396,2,53.0,300.0
3397,2,46.86,301.0
3398,2,54.19,303.464
3399,2,60.0,305.0
3400,2,54.64,305.984
3401,3,72.0,310.0
3402,3,43.5,310.0
3403,2,50.15,312.0
3404,3,58.0,313.0
3405,3,65.0,315.0
3406,3,59.0,315.0
3407,2,46.1,315.0
3408,2,51.28,315.0
3409,2,50.15,315.0
3410,2,42.5,319.0
3411,3,64.0,320.0
3412,3,48.0,320.0
3413,2,52.89,320.0
3414,2,52.89,320.0
3415,3,55.0,325.0
3416,3,51.88,328.245
3417,3,61.07,328.566
3418,2,49.59,329.0
3419,3,63.7,330.0
3420,3,65.0,330.0
3421,3,70.0,335.0
3422,2,50.58,335.0
3423,3,56.0,338.0
3424,3,73.0,339.0
3425,2,50.58,339.0
3426,3,61.5,339.7
3427,3,53.0,340.0
3428,2,49.06,340.967
3429,2,53.56,345.462
3430,2,53.46,346.0
3431,2,62.0,349.0
3432,2,62.0,349.0
3433,3,84.55,349.0
3434,2,53.46,349.0
3435,2,55.67,359.072
3436,3,65.0,359.9
3437,4,77.0,360.0
3438,3,60.0,360.0
3439,3,60.63,362.072
3440,3,99.68,369.0
3441,3,68.0,370.0
3442,3,57.39,372.0
3443,3,68.0,379.0
3444,3,63.68,382.0
3445,3,63.68,384.0
3446,2,66.65,386.0
3447,3,62.52,389.0
3448,3,70.0,390.0
3449,3,61.15,394.418
3450,3,62.0,397.0
3451,3,68.0,398.0
3452,3,90.0,399.0
3453,3,84.29,399.0
3454,2,55.6,410.0
3455,3,79.4,425.0
3456,3,70.0,430.0
3457,3,85.0,439.0
3458,3,64.0,449.0
3459,4,115.0,450.0
3460,4,72.0,450.0
3461,3,78.0,450.0
3462,5,180.0,459.0
3463,4,72.01,464.465
3464,3,72.54,467.883
3465,3,71.5,469.0
3466,4,68.1,469.9
3467,3,73.0,479.0
3468,2,80.0,488.0
3469,4,73.25,490.0
3470,2,63.0,490.0
3471,4,129.0,499.0
3472,4,120.0,499.0
3473,3,74.0,499.0
3474,3,60.91,515.0
3475,2,45.9,515.0
3476,3,68.4,529.0
3477,3,125.0,540.0
3478,3,121.21,549.0
3479,3,87.24,552.229
3480,4,98.0,555.0
3481,4,105.0,599.0
3482,5,73.52,599.0
3483,2,74.0,629.0
3484,4,90.0,637.0
3485,3,92.0,650.0
3486,3,100.0,655.0
3487,3,100.0,655.0
3488,4,89.0,699.0
3489,3,88.12,799.0
3490,5,127.64,823.278
3491,4,101.0,861.39
3492,3,117.51,893.076
3493,4,157.84,1079.0
3494,4,145.0,1120.0
3495,5,163.0,1176.4
3496,3,103.0,1690.0
3497,4,119.1,1846.05
3498,1,22.11,144.82
3499,2,37.0,155.0
3500,1,36.0,165.0
3501,1,27.0,180.0
3502,1,31.34,194.308
3503,1,38.0,199.0
3504,2,36.1,199.4
3505,1,35.04,204.624
3506,1,36.0,210.0
3507,2,47.1,217.0
3508,2,34.0,222.0
3509,2,38.4,226.56
3510,2,36.0,227.0
3511,2,38.7,229.0
3512,2,46.1,230.518
3513,2,43.22,234.0
3514,2,39.0,238.0
3515,2,39.1,239.9
3516,3,61.0,240.0
3517,3,61.0,240.0
3518,2,45.03,240.842
3519,2,45.0,244.0
3520,2,39.15,245.0
3521,2,52.0,248.0
3522,3,66.0,249.0
3523,2,46.0,250.0
3524,2,42.0,250.0
3525,2,51.0,250.0
3526,2,46.91,250.656
3527,3,54.0,252.0
3528,3,68.0,254.0
3529,2,41.11,254.0
3530,2,47.22,254.668
3531,2,47.24,255.0
3532,2,41.61,257.982
3533,2,50.0,259.0
3534,2,48.0,259.0
3535,2,50.0,259.0
3536,2,45.0,260.0
3537,2,43.09,264.0
3538,2,45.76,265.408
3539,2,43.09,266.0
3540,2,45.77,267.343
3541,3,56.91,269.0
3542,2,43.42,269.204
3543,2,45.08,269.239
3544,2,45.66,269.394
3545,2,45.66,269.394
3546,2,53.31,269.419
3547,2,44.25,269.925
3548,3,48.0,270.0
3549,2,46.92,272.261
3550,2,50.0,274.0
3551,3,60.0,275.0
3552,2,47.0,275.0
3553,2,49.66,276.525
3554,2,43.42,277.888
3555,2,44.87,278.194
3556,2,51.0,279.0
3557,2,45.22,279.0
3558,2,47.2,279.0
3559,3,54.0,279.0
3560,2,53.0,280.0
3561,3,58.0,280.0
3562,3,47.62,280.587
3563,2,47.62,281.586
3564,3,45.75,283.566
3565,2,51.0,284.0
3566,3,37.0,285.0
3567,3,54.0,285.0
3568,2,44.87,287.168
3569,2,44.87,287.168
3570,3,54.86,287.407
3571,2,44.66,288.057
3572,3,52.2,289.0
3573,2,46.0,289.0
3574,2,48.23,289.0
3575,2,46.66,289.292
3576,3,64.0,290.0
3577,2,47.0,290.0
3578,3,61.0,290.0
3579,2,51.0,292.0
3580,2,43.35,295.0
3581,2,48.53,295.514
3582,2,53.31,295.849
3583,2,63.42,298.0
3584,1,26.1,298.845
3585,3,61.0,299.0
3586,3,58.0,299.0
3587,2,51.0,300.0
3588,3,60.63,314.065
3589,2,44.87,314.09
3590,2,50.0,319.0
3591,3,63.9,319.0
3592,2,50.0,320.0
3593,3,65.3,324.85
3594,4,57.33,326.781
3595,2,52.95,327.758
3596,2,52.92,327.759
3597,3,62.0,329.0
3598,3,51.53,329.0
3599,2,52.0,329.0
3600,2,52.0,329.0
3601,2,52.0,329.0
3602,3,63.7,330.0
3603,4,110.0,330.0
3604,4,50.0,330.0
3605,3,58.5,331.746
3606,3,55.9,333.0
3607,3,83.4,335.0
3608,3,60.0,335.0
3609,2,44.81,336.763
3610,3,55.0,340.0
3611,2,50.0,340.0
3612,3,48.0,340.0
3613,3,67.0,345.0
3614,3,58.16,347.613
3615,3,62.0,349.0
3616,3,77.0,350.0
3617,4,52.0,350.0
3618,3,70.0,350.0
3619,3,55.53,350.0
3620,3,66.78,350.366
3621,3,57.43,356.066
3622,4,82.0,359.0
3623,3,63.0,359.0
3624,3,62.0,359.0
3625,3,107.17,359.0
3626,3,57.17,359.0
3627,3,76.0,359.0
3628,3,68.0,360.0
3629,3,57.3,361.0
3630,3,61.31,361.729
3631,3,57.82,364.266
3632,3,77.3,365.0
3633,4,68.97,367.196
3634,2,47.5,368.4
3635,3,57.82,372.939
3636,4,79.1,379.0
3637,2,59.18,379.0
3638,3,68.55,380.0
3639,3,65.16,384.444
3640,3,64.0,389.0
3641,3,70.0,389.0
3642,4,75.55,389.182
3643,3,60.7,390.0
3644,4,67.45,391.123
3645,2,66.49,392.291
3646,3,76.0,393.0
3647,3,67.02,394.0
3648,3,61.66,394.396
3649,3,61.66,394.397
3650,3,67.0,399.0
3651,3,71.0,399.9
3652,3,64.54,406.602
3653,4,130.0,415.0
3654,4,102.0,415.0
3655,2,64.0,416.0
3656,3,70.64,416.776
3657,3,62.95,420.621
3658,3,62.95,420.622
3659,3,99.0,435.0
3660,3,65.7,435.0
3661,4,90.67,448.685
3662,3,83.28,458.04
3663,4,73.93,459.671
3664,4,85.0,460.0
3665,4,83.99,477.903
3666,4,83.99,477.904
3667,4,96.33,480.0
3668,4,76.31,480.684
3669,3,120.0,499.0
3670,3,88.0,500.0
3671,2,74.3,505.0
3672,3,92.75,510.125
3673,4,87.63,517.017
3674,4,75.78,517.435
3675,3,89.09,525.631
3676,5,120.0,530.0
3677,3,96.66,531.63
3678,4,142.0,554.428
3679,4,85.0,569.9
3680,4,92.0,580.0
3681,4,92.0,580.0
3682,4,84.6,583.74
3683,5,126.0,590.0
3684,3,92.0,599.0
3685,5,142.2,614.304
3686,3,120.0,619.9
3687,5,126.17,649.0
3688,6,130.0,650.0
3689,3,80.0,690.0
3690,6,130.0,699.0
3691,6,140.0,700.0
3692,4,112.0,728.0
3693,5,126.1,857.48
3694,4,132.0,1080.0
3695,3,162.0,2430.0
3696,1,22.02,140.928
3697,1,12.56,146.764
3698,1,28.2,152.28
3699,1,25.95,163.485
3700,1,33.3,179.82
3701,1,35.1,189.54
3702,2,38.08,194.0
3703,1,28.0,195.0
3704,1,34.46,195.0
3705,1,39.6,198.0
3706,1,35.0,199.0
3707,2,56.0,199.0
3708,1,39.5,201.45
3709,1,26.0,204.0
3710,1,34.9,209.0
3711,2,32.5,209.0
3712,1,36.0,210.0
3713,2,34.81,210.0
3714,2,41.19,210.0
3715,2,41.19,210.0
3716,2,43.12,212.0
3717,2,43.12,212.0
3718,2,42.69,217.0
3719,2,42.69,217.0
3720,2,42.69,217.0
3721,2,42.94,218.0
3722,2,42.94,218.0
3723,2,33.5,222.0
3724,2,30.0,223.0
3725,2,40.0,225.0
3726,2,34.0,225.0
3727,2,50.0,225.0
3728,2,44.74,227.0
3729,2,44.74,227.0
3730,2,48.43,228.0
3731,2,44.97,229.0
3732,2,44.99,229.0
3733,2,44.97,229.0
3734,2,44.99,229.0
3735,2,46.85,230.0
3736,1,20.9,233.934
3737,2,49.31,237.0
3738,2,49.62,238.0
3739,2,47.27,238.0
3740,2,47.27,238.0
3741,2,49.62,238.0
3742,2,47.27,238.0
3743,2,47.27,238.0
3744,2,45.22,238.083
3745,2,49.31,239.0
3746,2,49.31,239.0
3747,3,61.0,240.0
3748,2,44.8,241.92
3749,2,48.21,243.0
3750,2,48.21,243.0
3751,2,48.21,243.0
3752,2,45.0,243.0
3753,2,45.1,243.54
3754,2,48.43,244.0
3755,2,48.43,244.0
3756,2,45.3,244.62
3757,2,49.07,245.0
3758,2,49.07,245.0
3759,2,49.07,245.0
3760,2,39.43,247.0
3761,2,49.38,247.0
3762,2,49.38,247.0
3763,2,49.31,247.0
3764,2,49.31,247.0
3765,2,49.38,247.0
3766,2,49.38,247.0
3767,2,49.31,247.0
3768,2,49.31,247.0
3769,2,49.62,248.0
3770,2,49.62,248.0
3771,2,47.57,248.315
3772,2,45.0,249.0
3773,2,42.0,249.0
3774,2,64.3,249.0
3775,2,42.33,249.0
3776,1,40.0,249.0
3777,2,54.75,250.0
3778,3,47.0,250.0
3779,2,38.02,250.0
3780,2,45.44,250.42
3781,2,50.41,252.0
3782,2,50.78,254.0
3783,2,50.78,254.0
3784,2,50.78,254.0
3785,2,50.78,254.0
3786,2,44.23,255.0
3787,2,41.4,255.0
3788,2,49.0,259.0
3789,3,50.0,259.0
3790,2,48.31,259.743
3791,2,51.0,260.1
3792,2,53.13,262.0
3793,2,53.13,262.0
3794,2,53.45,263.0
3795,2,51.8,264.18
3796,3,46.48,265.0
3797,2,55.03,266.0
3798,2,55.34,267.0
3799,2,55.25,267.0
3800,2,55.35,267.0
3801,2,55.35,267.0
3802,2,55.24,267.0
3803,2,55.34,267.0
3804,2,55.25,267.0
3805,2,55.35,267.0
3806,2,55.24,267.0
3807,2,55.56,268.0
3808,2,55.56,268.0
3809,2,55.66,268.0
3810,2,55.66,268.0
3811,2,55.56,268.0
3812,2,55.56,268.0
3813,2,62.0,268.4
3814,2,55.66,269.0
3815,2,55.66,269.0
3816,2,61.0,270.0
3817,2,45.0,270.0
3818,2,50.0,273.0
3819,1,23.42,273.663
3820,2,46.0,274.9
3821,2,57.0,275.0
3822,2,55.7,275.0
3823,2,51.0,275.0
3824,2,46.0,275.0
3825,2,37.46,275.3
3826,3,49.86,275.442
3827,2,53.34,279.698
3828,3,59.0,280.0
3829,3,56.18,280.0
3830,3,56.18,280.0
3831,2,53.0,281.0
3832,3,56.4,281.0
3833,2,57.15,284.8
3834,2,50.0,285.0
3835,2,57.23,285.2
3836,2,57.47,286.4
3837,3,48.0,287.0
3838,3,48.0,289.0
3839,2,52.0,289.0
3840,2,49.4,289.0
3841,3,48.0,289.0
3842,3,57.0,290.0
3843,3,52.0,290.0
3844,2,54.0,290.0
3845,3,58.43,292.15
3846,3,47.62,294.567
3847,3,68.0,295.0
3848,3,55.0,295.0
3849,2,52.6,295.0
3850,2,53.31,295.849
3851,2,45.8,296.384
3852,2,43.35,299.0
3853,2,61.0,299.0
3854,2,45.62,299.0
3855,3,64.0,299.0
3856,2,45.0,299.0
3857,2,61.7,302.33
3858,2,61.7,302.33
3859,3,56.2,303.48
3860,3,65.0,304.0
3861,3,65.0,304.0
3862,3,56.4,304.56
3863,2,55.26,305.0
3864,3,62.5,306.25
3865,3,64.51,308.0
3866,3,64.57,308.0
3867,3,64.51,308.0
3868,3,64.57,308.0
3869,3,59.6,309.931
3870,2,57.0,310.0
3871,2,52.0,310.0
3872,3,64.89,310.0
3873,3,64.89,310.0
3874,2,46.6,314.0
3875,2,46.6,314.0
3876,3,66.46,317.0
3877,3,66.46,317.0
3878,2,52.4,317.952
3879,3,66.55,318.0
3880,3,66.55,318.0
3881,3,77.0,319.0
3882,3,66.87,319.0
3883,3,66.77,319.0
3884,3,66.77,319.0
3885,1,40.0,320.0
3886,2,50.0,320.0
3887,3,60.47,320.0
3888,1,28.02,327.414
3889,3,83.49,329.0
3890,3,60.8,330.0
3891,3,59.0,330.0
3892,3,71.29,330.0
3893,3,71.69,330.0
3894,3,71.61,331.0
3895,2,55.5,334.528
3896,4,78.41,335.0
3897,3,111.0,339.0
3898,3,71.0,340.0
3899,2,44.17,342.3
3900,3,66.6,346.32
3901,3,66.7,346.84
3902,4,67.54,347.255
3903,3,66.8,347.36
3904,2,52.8,349.0
3905,3,75.0,349.0
3906,3,84.55,349.0
3907,2,48.5,349.0
3908,33,54.0,349.0
3909,2,51.42,349.0
3910,3,62.0,349.876
3911,3,60.0,349.92
3912,4,70.6,350.0
3913,3,86.0,350.0
3914,3,63.96,352.0
3915,3,65.3,352.62
3916,3,65.4,353.16
3917,2,68.5,355.0
3918,3,62.5,355.0
3919,3,62.5,355.0
3920,4,77.0,360.0
3921,3,76.0,369.9
3922,3,57.0,370.0
3923,4,82.11,377.0
3924,4,79.1,379.0
3925,4,82.01,383.0
3926,3,58.0,385.0
3927,2,76.0,385.0
3928,3,50.23,390.0
3929,4,75.0,390.0
3930,3,69.9,390.0
3931,3,63.82,395.0
3932,3,68.0,398.0
3933,3,68.0,398.0
3934,3,68.0,398.0
3935,3,70.0,399.0
3936,4,68.0,399.0
3937,3,64.0,400.0
3938,3,82.2,402.78
3939,4,85.44,404.0
3940,4,85.44,404.0
3941,4,85.97,405.0
3942,3,66.0,415.0
3943,3,72.5,420.0
3944,1,38.87,435.072
3945,3,110.37,439.0
3946,4,65.0,439.0
3947,2,78.5,465.0
3948,3,100.0,470.0
3949,1,38.65,475.395
3950,4,76.18,489.0
3951,3,60.0,499.0
3952,3,63.3,506.56
3953,3,63.0,539.0
3954,2,43.93,557.998
3955,4,100.0,570.0
3956,4,72.0,579.0
3957,5,128.0,590.0
3958,3,91.0,596.0
3959,4,110.0,599.0
3960,5,105.0,599.0
3961,3,78.2,609.96
3962,4,130.0,660.0
3963,3,88.12,699.0
3964,4,90.51,742.2
3965,4,130.0,840.0
3966,3,90.7,1541.9
3967,1,28.6,131.56
3968,1,18.0,139.0
3969,1,27.0,159.0
3970,1,33.22,173.575
3971,1,33.41,177.741
3972,1,33.25,184.937
3973,2,37.11,185.55
3974,2,37.33,186.65
3975,2,42.7,187.88
3976,2,41.0,189.0
3977,2,43.08,189.552
3978,2,38.0,190.0
3979,2,37.74,192.474
3980,2,37.74,192.474
3981,1,25.0,196.0
3982,1,34.99,197.862
3983,1,28.0,199.0
3984,1,24.07,200.0
3985,1,32.3,200.0
3986,1,37.0,205.0
3987,1,33.25,207.912
3988,2,34.0,208.0
3989,2,51.0,209.0
3990,1,34.0,210.0
3991,1,36.0,210.0
3992,2,35.0,210.0
3993,2,33.0,215.6
3994,2,41.06,218.439
3995,2,43.81,219.05
3996,2,44.03,220.15
3997,2,43.0,222.74
3998,3,53.87,226.254
3999,2,44.0,227.929
4000,2,47.0,230.0
4001,2,46.0,233.68
4002,2,48.5,238.0
4003,2,50.0,239.0
4004,1,40.0,239.8
4005,2,45.59,242.539
4006,2,52.0,244.0
4007,2,45.34,244.427
4008,2,48.0,248.0
4009,2,45.0,249.0
4010,2,48.6,250.0
4011,2,42.0,250.0
4012,3,47.0,250.0
4013,2,45.9,252.45
4014,2,48.31,255.265
4015,2,48.28,259.582
4016,2,38.81,259.99
4017,2,38.81,259.99
4018,2,35.0,260.0
4019,2,44.5,260.0
4020,2,47.8,260.0
4021,3,58.0,264.0
4022,2,48.3,265.65
4023,2,42.95,266.29
4024,2,54.03,269.0
4025,3,54.0,269.0
4026,2,53.0,269.24
4027,2,50.0,269.7
4028,2,45.8,270.0
4029,2,55.0,273.9
4030,3,47.0,274.0
4031,2,47.0,275.0
4032,2,42.0,275.0
4033,2,41.0,275.0
4034,2,44.0,275.0
4035,2,45.34,276.165
4036,2,60.0,279.0
4037,3,59.08,279.0
4038,2,60.0,279.0
4039,2,54.5,279.5
4040,2,43.0,280.0
4041,2,53.0,280.0
4042,4,62.0,280.0
4043,2,47.0,282.0
4044,2,51.3,282.15
4045,2,46.0,283.0
4046,2,58.0,285.0
4047,3,57.35,286.75
4048,2,41.5,288.0
4049,3,55.54,288.808
4050,2,52.64,289.0
4051,3,54.4,289.0
4052,3,48.0,289.0
4053,3,48.0,289.0
4054,3,48.0,289.0
4055,3,55.6,289.131
4056,3,56.41,289.383
4057,3,68.0,295.0
4058,3,64.0,295.0
4059,2,52.0,299.0
4060,1,30.0,299.0
4061,4,60.88,299.0
4062,3,65.52,299.0
4063,2,51.0,300.0
4064,3,100.0,310.0
4065,2,52.0,310.0
4066,3,43.0,310.0
4067,3,54.0,310.0
4068,2,57.14,310.0
4069,3,60.18,311.732
4070,3,52.04,312.0
4071,3,59.02,317.528
4072,3,61.33,317.689
4073,2,46.0,319.0
4074,3,51.16,319.0
4075,3,61.66,319.399
4076,2,46.3,319.47
4077,3,59.25,319.95
4078,4,77.0,320.0
4079,2,78.0,320.0
4080,4,70.1,320.0
4081,3,61.97,321.005
4082,3,65.0,323.7
4083,3,54.7,325.0
4084,4,61.04,326.564
4085,4,61.06,326.671
4086,3,70.0,330.0
4087,3,61.41,330.386
4088,3,56.02,330.518
4089,3,61.49,330.816
4090,3,61.54,332.316
4091,4,62.86,333.158
4092,3,61.7,333.18
4093,3,56.02,333.319
4094,3,60.28,333.526
4095,4,62.25,334.905
4096,2,44.0,335.0
4097,4,62.24,336.096
4098,3,65.69,336.99
4099,3,74.0,339.0
4100,3,65.51,339.342
4101,4,63.18,339.908
4102,4,70.1,340.0
4103,3,55.0,340.0
4104,4,63.21,341.334
4105,4,64.03,345.762
4106,3,56.0,348.0
4107,2,57.0,348.8
4108,4,64.86,348.947
4109,2,48.36,349.0
4110,3,84.55,349.0
4111,4,113.53,349.559
4112,4,65.05,349.969
4113,2,65.0,349.999
4114,3,89.0,350.0
4115,3,67.0,350.0
4116,3,55.0,350.0
4117,3,70.0,350.0
4118,4,65.54,352.605
4119,3,69.0,357.42
4120,4,117.71,357.721
4121,4,82.4,358.0
4122,3,67.0,359.0
4123,3,66.0,359.9
4124,3,71.24,360.0
4125,3,63.0,360.0
4126,2,54.0,360.0
4127,4,63.87,361.504
4128,4,63.87,361.504
4129,4,64.15,363.089
4130,4,64.15,363.089
4131,4,107.0,365.0
4132,4,64.07,365.028
4133,4,64.07,365.199
4134,3,72.0,365.76
4135,3,70.5,367.0
4136,4,64.5,367.65
4137,4,64.5,367.65
4138,4,71.18,377.254
4139,4,71.3,377.89
4140,2,49.0,379.0
4141,3,84.0,379.0
4142,3,61.0,380.0
4143,3,91.92,389.0
4144,3,80.0,389.0
4145,3,89.0,389.9
4146,2,38.38,390.0
4147,4,72.97,390.229
4148,3,87.0,394.0
4149,3,70.5,395.0
4150,3,64.0,395.0
4151,4,64.14,397.027
4152,4,64.14,397.027
4153,3,90.0,398.0
4154,3,87.77,399.0
4155,4,127.0,400.0
4156,2,52.64,400.0
4157,4,84.0,419.0
4158,3,64.1,420.0
4159,3,65.72,422.829
4160,4,70.61,424.0
4161,3,67.32,424.0
4162,2,64.48,424.923
4163,3,65.6,426.4
4164,4,76.0,429.0
4165,3,57.2,429.0
4166,4,89.3,429.0
4167,3,75.0,440.0
4168,3,71.37,442.494
4169,4,90.63,444.087
4170,3,62.0,445.0
4171,4,115.0,448.0
4172,3,90.0,448.61
4173,4,85.0,449.0
4174,4,85.0,449.0
4175,4,66.0,449.0
4176,4,100.0,489.0
4177,2,79.0,490.0
4178,3,62.9,499.0
4179,5,111.65,499.0
4180,3,120.0,499.0
4181,4,74.2,510.0
4182,4,75.0,520.0
4183,4,132.0,525.0
4184,3,93.0,567.3
4185,3,60.0,570.0
4186,2,96.0,650.0
4187,3,111.81,840.0
4188,2,58.3,903.65
4189,3,86.0,940.0
4190,5,160.0,995.0
4191,3,99.45,1009.9
4192,3,99.45,1100.0
4193,4,120.0,1300.0
4194,1,29.03,133.538
4195,1,29.03,133.538
4196,1,26.94,158.946
4197,1,27.0,159.0
4198,1,29.0,159.0
4199,2,35.8,186.168
4200,1,33.0,187.0
4201,1,32.5,190.0
4202,2,35.5,190.0
4203,1,35.83,193.0
4204,1,38.58,195.0
4205,1,27.0,198.0
4206,2,38.7,201.247
4207,1,25.7,204.0
4208,1,37.0,205.0
4209,1,33.25,207.912
4210,1,30.0,210.0
4211,2,41.88,214.0
4212,2,41.88,214.0
4213,2,39.15,223.155
4214,2,33.89,224.0
4215,3,49.0,224.0
4216,2,41.88,224.0
4217,2,41.88,224.0
4218,2,41.88,224.0
4219,2,50.57,225.0
4220,2,38.0,225.0
4221,2,37.31,225.0
4222,2,39.51,225.207
4223,2,41.07,225.885
4224,3,53.33,228.482
4225,2,47.0,229.0
4226,2,53.85,229.0
4227,2,38.5,229.0
4228,2,39.1,235.0
4229,1,40.0,235.0
4230,2,47.66,243.0
4231,2,47.64,243.0
4232,1,21.11,246.67
4233,2,39.0,249.0
4234,3,47.0,249.0
4235,1,22.4,250.723
4236,2,43.09,254.0
4237,2,49.0,255.0
4238,2,60.0,255.0
4239,2,47.64,255.0
4240,2,47.64,255.0
4241,2,47.66,255.0
4242,2,46.0,260.0
4243,2,36.0,264.264
4244,2,43.0,265.0
4245,2,50.0,265.0
4246,2,43.0,267.0
4247,2,44.53,267.046
4248,2,54.0,268.0
4249,3,50.0,269.0
4250,2,39.28,269.0
4251,2,65.0,269.0
4252,2,45.08,269.238
4253,1,35.0,272.0
4254,2,45.4,272.264
4255,2,45.4,272.264
4256,2,47.91,273.087
4257,2,45.57,273.283
4258,2,45.59,273.403
4259,2,44.0,275.0
4260,2,70.62,275.0
4261,2,52.0,275.0
4262,2,52.0,275.0
4263,2,51.0,275.0
4264,3,59.1,275.0
4265,2,37.15,276.0
4266,2,44.0,279.0
4267,2,49.5,279.0
4268,1,37.36,280.0
4269,3,55.78,285.0
4270,3,55.0,285.0
4271,2,52.33,285.0
4272,2,48.23,287.0
4273,2,47.87,289.0
4274,2,51.0,289.0
4275,2,47.0,290.0
4276,3,61.0,290.0
4277,2,50.0,290.0
4278,2,38.12,290.0
4279,2,49.0,295.0
4280,2,39.73,295.0
4281,3,64.0,297.0
4282,2,60.0,297.0
4283,2,39.96,297.0
4284,2,50.0,299.0
4285,2,51.0,299.0
4286,2,40.87,299.492
4287,3,60.0,305.0
4288,3,58.18,305.445
4289,2,54.5,309.0
4290,3,57.6,309.0
4291,3,54.0,310.0
4292,2,51.0,314.0
4293,2,41.99,314.0
4294,2,42.3,314.0
4295,2,53.91,315.0
4296,3,60.0,315.0
4297,2,49.5,315.0
4298,2,42.09,315.0
4299,2,43.1,315.0
4300,4,65.0,318.0
4301,3,51.0,318.75
4302,3,51.0,318.75
4303,2,50.0,325.0
4304,2,50.0,325.0
4305,2,43.58,327.519
4306,2,49.0,329.0
4307,4,67.0,329.0
4308,2,54.0,330.0
4309,2,45.0,333.0
4310,3,68.0,335.0
4311,3,70.0,335.0
4312,3,60.87,336.201
4313,2,53.28,337.896
4314,2,53.28,337.897
4315,2,53.3,337.897
4316,2,53.5,337.897
4317,3,55.6,338.993
4318,3,51.0,341.649
4319,2,48.0,344.0
4320,3,68.0,349.0
4321,2,52.8,349.9
4322,3,89.0,350.0
4323,3,63.82,350.0
4324,4,75.0,350.0
4325,4,77.04,355.0
4326,4,79.62,357.5
4327,2,54.97,364.0
4328,3,54.97,364.0
4329,2,50.15,365.0
4330,3,60.0,366.0
4331,4,73.0,370.0
4332,3,54.04,374.0
4333,3,62.15,375.0
4334,2,49.0,375.0
4335,3,108.0,379.0
4336,2,56.24,379.0
4337,2,49.0,379.5
4338,2,59.0,380.0
4339,2,55.05,381.0
4340,3,57.0,382.0
4341,2,54.59,383.0
4342,3,62.11,384.896
4343,3,61.61,385.0
4344,2,55.02,389.0
4345,3,65.0,394.0
4346,2,33.9,396.122
4347,4,102.0,398.0
4348,2,41.0,398.0
4349,3,62.95,404.0
4350,4,76.0,410.0
4351,2,53.0,425.0
4352,3,62.86,425.0
4353,3,62.95,426.0
4354,4,76.0,429.0
4355,2,48.0,430.0
4356,3,72.56,430.0
4357,4,64.0,439.0
4358,3,74.6,440.0
4359,3,74.4,440.0
4360,3,80.0,440.0
4361,3,89.0,440.66
4362,3,73.0,444.444
4363,2,54.0,447.0
4364,3,74.0,449.0
4365,3,76.0,458.0
4366,3,71.21,464.0
4367,3,67.0,469.0
4368,4,76.06,471.344
4369,3,71.13,473.0
4370,3,72.18,473.14
4371,3,72.18,473.141
4372,4,78.0,474.0
4373,4,75.92,480.0
4374,3,88.0,489.0
4375,3,73.97,493.0
4376,3,83.45,497.0
4377,3,73.6,498.005
4378,3,73.6,498.006
4379,3,74.83,499.0
4380,3,67.0,500.0
4381,3,74.43,504.0
4382,3,74.31,507.0
4383,3,74.47,507.26
4384,3,70.0,510.0
4385,4,82.89,513.0
4386,2,40.09,518.0
4387,3,82.68,522.0
4388,3,82.82,523.0
4389,3,86.52,523.0
4390,4,90.33,525.0
4391,4,82.35,528.44
4392,4,82.35,528.441
4393,4,77.68,529.728
4394,4,77.68,529.729
4395,3,66.0,540.0
4396,4,106.0,540.599
4397,3,74.0,543.0
4398,3,66.0,549.0
4399,5,102.7,549.0
4400,4,89.0,550.0
4401,5,126.0,550.0
4402,3,66.53,550.0
4403,3,66.78,550.0
4404,4,89.41,550.0
4405,3,85.87,550.0
4406,4,88.37,552.0
4407,4,88.33,552.0
4408,4,126.5,569.9
4409,4,109.0,599.0
4410,4,109.0,599.0
4411,5,126.0,650.0
4412,4,90.0,660.0
4413,4,125.0,680.0
4414,3,95.0,699.0
4415,4,88.0,699.0
4416,5,127.0,750.0
4417,3,71.38,818.0
4418,3,134.0,1072.0
4419,4,157.0,1099.0
4420,2,38.69,170.159
4421,2,35.0,183.0
4422,2,42.83,188.366
4423,1,29.59,192.335
4424,1,28.0,195.0
4425,2,37.28,205.972
4426,1,33.14,207.224
4427,2,37.4,207.57
4428,2,36.41,208.265
4429,2,36.46,208.551
4430,3,50.92,213.864
4431,2,36.73,214.871
4432,2,36.73,214.871
4433,2,36.81,215.339
4434,2,36.81,215.339
4435,2,36.5,215.35
4436,2,47.0,225.0
4437,2,36.0,225.0
4438,2,33.0,228.0
4439,2,34.0,229.0
4440,2,48.0,230.0
4441,2,40.49,232.008
4442,2,40.4,232.3
4443,2,40.45,232.588
4444,2,40.45,232.588
4445,2,40.65,232.925
4446,2,40.51,232.933
4447,2,40.51,232.933
4448,2,40.71,233.268
4449,2,40.71,233.268
4450,2,40.83,233.956
4451,2,40.83,233.956
4452,2,40.49,234.032
4453,2,40.49,234.032
4454,2,40.62,234.784
4455,2,40.62,234.784
4456,2,51.0,234.9
4457,1,40.0,235.0
4458,2,40.69,235.188
4459,2,40.69,235.188
4460,1,35.36,236.912
4461,1,45.0,240.0
4462,3,60.07,240.16
4463,2,39.15,245.0
4464,2,38.0,245.0
4465,2,50.0,248.0
4466,2,38.0,249.0
4467,3,52.11,249.5
4468,2,50.0,255.0
4469,2,42.91,257.331
4470,2,50.4,259.0
4471,2,50.0,259.0
4472,2,50.0,259.0
4473,2,60.0,260.0
4474,2,47.0,260.0
4475,2,53.0,260.0
4476,2,47.79,260.455
4477,2,40.41,263.749
4478,2,62.85,263.844
4479,3,57.27,265.0
4480,3,51.11,267.305
4481,2,54.0,268.0
4482,2,42.0,269.0
4483,2,49.0,269.0
4484,2,43.84,271.764
4485,3,52.08,272.378
4486,3,47.25,274.05
4487,3,47.25,274.05
4488,2,48.0,275.0
4489,2,46.0,275.0
4490,3,56.0,275.0
4491,3,47.62,278.577
4492,3,51.57,278.994
4493,3,51.57,278.994
4494,2,48.0,279.0
4495,2,49.5,279.0
4496,3,52.9,279.312
4497,2,50.3,280.0
4498,3,60.4,280.0
4499,2,46.91,281.319
4500,2,47.0,281.859
4501,3,51.75,282.038
4502,3,52.9,282.222
4503,3,51.95,283.128
4504,2,41.5,285.0
4505,2,46.15,286.083
4506,3,63.0,289.0
4507,3,60.11,289.0
4508,3,94.4,290.0
4509,3,60.0,290.0
4510,2,44.66,290.889
4511,3,51.9,291.937
4512,2,48.85,293.051
4513,2,45.0,295.0
4514,2,47.92,297.056
4515,2,45.11,297.68
4516,3,76.65,298.781
4517,3,61.0,299.0
4518,3,57.5,299.012
4519,3,61.0,300.0
4520,2,45.58,300.828
4521,3,48.54,300.899
4522,2,54.36,304.361
4523,3,59.0,305.62
4524,4,81.4,309.157
4525,2,50.0,310.0
4526,3,54.0,310.0
4527,2,47.92,311.432
4528,1,34.58,312.734
4529,3,58.0,313.0
4530,2,46.59,314.898
4531,3,59.0,315.0
4532,3,69.6,315.0
4533,2,50.9,315.0
4534,3,58.74,316.021
4535,3,61.35,317.793
4536,3,58.97,318.438
4537,3,66.0,319.0
4538,3,56.0,319.0
4539,4,63.0,320.0
4540,3,64.89,322.0
4541,4,72.0,325.5
4542,3,53.8,328.019
4543,4,86.75,329.476
4544,3,67.0,330.0
4545,3,57.4,332.0
4546,2,46.0,335.0
4547,2,55.0,340.0
4548,4,59.11,342.838
4549,2,50.0,345.0
4550,4,72.0,345.0
4551,3,66.21,348.874
4552,3,65.22,348.927
4553,4,52.0,350.0
4554,3,70.0,350.0
4555,3,65.38,351.744
4556,2,59.4,356.0
4557,3,58.73,358.194
4558,3,61.91,359.0
4559,3,59.25,360.0
4560,3,60.5,365.0
4561,3,55.5,367.67
4562,3,69.56,368.668
4563,3,68.0,370.0
4564,4,72.0,375.0
4565,3,86.0,375.0
4566,3,76.0,376.0
4567,2,49.0,379.0
4568,3,55.33,381.721
4569,3,70.7,381.78
4570,4,109.5,383.031
4571,2,46.93,384.0
4572,4,83.0,385.0
4573,3,64.03,387.0
4574,3,56.14,387.309
4575,2,84.5,390.0
4576,3,64.43,392.958
4577,4,66.87,394.533
4578,4,88.0,396.0
4579,3,90.0,399.0
4580,3,90.0,399.0
4581,4,86.0,400.0
4582,3,62.72,401.345
4583,3,64.94,402.563
4584,4,118.93,404.124
4585,3,68.0,420.0
4586,3,80.0,430.0
4587,2,52.68,431.133
4588,4,67.76,434.9
4589,3,64.9,439.0
4590,4,65.2,439.0
4591,3,71.32,442.112
4592,4,74.55,447.225
4593,5,107.0,450.0
4594,3,66.0,459.0
4595,4,94.0,460.6
4596,4,74.57,469.045
4597,3,73.5,470.326
4598,4,74.47,475.863
4599,4,94.0,480.61
4600,2,65.0,489.0
4601,4,88.0,489.0
4602,3,70.2,489.645
4603,4,73.74,491.781
4604,4,79.04,526.186
4605,3,80.53,540.0
4606,2,57.0,558.0
4607,2,57.0,558.0
4608,3,67.69,568.36
4609,3,65.0,580.0
4610,4,111.4,585.0
4611,4,120.0,619.56
4612,5,95.5,629.0
4613,3,81.0,680.0
4614,3,79.0,699.0
4615,3,101.52,712.226
4616,3,75.0,750.0
4617,5,123.7,800.0
4618,3,102.0,1230.0
4619,5,160.0,1250.0
4620,5,172.0,1566.482
4621,4,142.0,3550.0
4622,1,21.0,155.0
4623,2,37.0,155.0
4624,2,33.89,170.0
4625,1,26.5,177.558
4626,1,31.0,179.0
4627,1,24.8,185.0
4628,2,35.7,185.0
4629,1,34.0,185.0
4630,2,32.1,189.0
4631,1,28.0,195.0
4632,2,44.1,202.815
4633,2,35.39,208.801
4634,2,40.5,214.0
4635,2,43.69,214.081
4636,2,40.36,216.0
4637,2,35.0,218.0
4638,2,42.83,225.9
4639,1,35.0,229.0
4640,2,33.0,230.0
4641,2,43.22,234.0
4642,2,46.0,234.9
4643,2,36.0,239.0
4644,2,45.34,244.428
4645,2,51.0,249.0
4646,2,41.0,254.0
4647,2,42.0,255.0
4648,2,44.23,255.0
4649,3,74.0,255.0
4650,3,45.0,256.0
4651,2,48.5,259.475
4652,2,60.0,260.0
4653,2,45.0,260.0
4654,2,45.76,265.4
4655,3,56.0,268.8
4656,2,47.5,269.0
4657,3,56.91,269.0
4658,3,56.0,269.9
4659,2,60.38,270.0
4660,2,40.0,270.0
4661,2,35.2,272.8
4662,2,56.0,275.0
4663,2,51.0,275.0
4664,2,40.0,275.0
4665,2,40.0,279.0
4666,2,43.0,280.0
4667,2,51.35,284.0
4668,2,41.5,285.0
4669,2,48.0,285.0
4670,3,54.7,287.175
4671,2,46.58,289.0
4672,3,60.0,289.0
4673,3,64.0,289.0
4674,3,94.4,290.0
4675,1,37.46,290.315
4676,3,55.0,295.0
4677,2,52.0,297.0
4678,2,50.0,298.0
4679,3,51.32,299.0
4680,3,51.0,299.0
4681,2,52.0,300.0
4682,2,55.26,305.0
4683,2,50.0,309.0
4684,3,49.0,310.0
4685,3,59.5,312.375
4686,2,46.6,314.0
4687,3,63.9,319.0
4688,3,81.0,319.0
4689,2,48.0,320.0
4690,3,64.9,320.0
4691,1,30.61,324.4
4692,3,65.0,325.0
4693,3,90.9,325.815
4694,3,59.11,328.06
4695,3,60.9,330.0
4696,3,65.0,330.0
4697,3,65.0,330.0
4698,3,65.0,330.0
4699,3,55.9,333.0
4700,3,53.0,340.0
4701,2,45.61,340.0
4702,2,40.0,340.0
4703,2,48.9,341.078
4704,3,75.0,345.0
4705,2,56.0,346.0
4706,3,80.0,349.0
4707,3,54.0,349.0
4708,3,54.0,349.0
4709,3,62.0,350.0
4710,2,53.0,350.0
4711,3,64.0,352.0
4712,2,47.0,355.0
4713,3,56.0,355.0
4714,3,62.48,355.0
4715,3,107.0,359.0
4716,4,72.0,360.0
4717,4,73.0,360.0
4718,3,73.0,360.0
4719,3,63.0,360.0
4720,2,46.5,360.375
4721,3,60.0,363.0
4722,3,70.54,366.0
4723,3,76.0,374.0
4724,2,76.51,375.0
4725,3,76.0,379.0
4726,2,49.5,379.9
4727,3,56.0,380.0
4728,3,64.0,389.0
4729,5,85.0,390.0
4730,3,82.12,394.669
4731,3,65.0,399.0
4732,3,62.72,401.0
4733,3,64.19,405.403
4734,3,66.92,412.02
4735,3,74.0,419.0
4736,4,100.0,419.0
4737,3,68.0,420.0
4738,2,66.0,429.0
4739,3,72.8,430.0
4740,3,79.8,430.92
4741,3,94.94,434.0
4742,3,67.75,436.0
4743,3,60.5,440.0
4744,3,62.0,445.0
4745,2,38.65,448.3
4746,2,55.6,449.0
4747,2,54.0,449.0
4748,2,86.0,459.0
4749,3,78.0,459.0
4750,3,96.0,460.0
4751,4,68.1,469.889
4752,3,83.11,480.0
4753,3,74.0,499.0
4754,3,88.0,500.0
4755,2,60.0,550.0
4756,5,101.0,569.0
4757,3,70.0,580.0
4758,3,92.0,599.0
4759,4,118.0,600.0
4760,3,95.0,650.0
4761,4,90.0,680.0
4762,4,90.0,680.0
4763,5,135.0,750.0
4764,2,61.0,750.0
4765,4,86.94,912.87
4766,4,100.0,1200.0
4767,1,19.17,169.654
4768,1,25.95,169.972
4769,1,26.0,172.5
4770,2,35.8,180.79
4771,2,36.5,184.325
4772,1,28.51,186.74
4773,2,38.0,195.0
4774,2,38.0,195.0
4775,2,56.0,199.0
4776,1,37.04,200.016
4777,3,56.0,205.0
4778,1,32.54,205.881
4779,2,32.5,209.0
4780,2,39.74,214.596
4781,3,56.0,215.0
4782,2,37.42,218.907
4783,2,37.42,218.907
4784,1,29.9,224.25
4785,2,53.85,229.0
4786,2,49.0,229.0
4787,2,58.0,229.0
4788,2,37.5,229.0
4789,2,38.0,229.0
4790,2,41.9,234.64
4791,2,41.0,235.0
4792,2,44.24,237.0
4793,1,35.58,239.832
4794,2,66.6,240.0
4795,2,37.38,243.692
4796,2,45.4,244.0
4797,2,48.8,246.44
4798,2,44.4,249.45
4799,2,54.75,250.0
4800,1,33.0,250.0
4801,3,45.6,251.94
4802,2,45.9,253.598
4803,2,37.8,254.092
4804,2,38.0,255.0
4805,2,49.0,255.0
4806,2,49.0,255.0
4807,3,55.72,256.925
4808,2,46.8,258.57
4809,2,41.0,259.0
4810,2,45.5,259.0
4811,2,44.0,260.0
4812,2,45.6,263.34
4813,2,47.6,264.18
4814,2,48.5,265.0
4815,2,48.3,266.858
4816,3,59.0,268.0
4817,2,54.03,269.0
4818,2,36.71,269.0
4819,2,55.0,269.5
4820,2,48.8,269.62
4821,2,48.31,272.0
4822,2,41.5,274.075
4823,2,41.5,274.075
4824,2,54.82,274.1
4825,2,47.7,274.275
4826,2,49.7,274.593
4827,2,48.0,275.0
4828,2,51.0,275.0
4829,3,44.0,275.0
4830,2,47.7,275.467
4831,2,48.1,276.575
4832,2,43.42,279.0
4833,3,54.0,279.0
4834,2,57.0,279.0
4835,2,38.07,279.0
4836,2,49.0,280.0
4837,3,50.7,280.118
4838,2,49.0,284.0
4839,3,54.0,285.0
4840,3,54.45,285.0
4841,3,50.0,285.0
4842,3,51.8,287.49
4843,3,51.8,288.785
4844,3,56.0,289.0
4845,2,52.64,289.0
4846,2,52.64,289.0
4847,2,48.0,289.9
4848,3,61.0,290.0
4849,3,52.0,290.0
4850,2,43.79,292.0
4851,2,42.0,293.0
4852,2,41.58,293.139
4853,2,45.58,293.991
4854,3,57.78,295.256
4855,3,52.1,296.97
4856,3,51.7,297.275
4857,2,45.05,297.33
4858,4,62.92,298.0
4859,2,52.73,299.0
4860,3,60.0,299.0
4861,2,60.0,299.0
4862,3,80.0,299.9
4863,3,80.0,299.9
4864,3,55.0,300.0
4865,3,54.8,302.77
4866,2,59.39,303.483
4867,2,59.39,303.483
4868,2,45.05,304.088
4869,3,60.0,310.0
4870,3,60.79,310.637
4871,2,48.22,312.518
4872,3,62.18,313.822
4873,3,62.64,316.996
4874,2,49.0,319.0
4875,3,62.6,320.0
4876,2,58.1,321.003
4877,2,58.1,321.003
4878,3,52.36,322.476
4879,3,56.6,322.62
4880,3,56.6,322.62
4881,3,56.7,323.19
4882,2,66.21,324.0
4883,3,54.7,325.0
4884,3,59.1,326.528
4885,3,59.1,326.528
4886,3,59.2,327.08
4887,3,59.2,327.08
4888,3,83.49,329.0
4889,2,54.0,329.0
4890,2,54.0,329.0
4891,3,68.12,330.0
4892,2,43.0,330.0
4893,3,60.0,330.0
4894,3,60.0,330.0
4895,3,60.3,331.65
4896,2,48.0,335.0
4897,2,51.0,336.0
4898,3,52.32,339.818
4899,4,89.0,340.0
4900,3,52.19,340.436
4901,2,51.0,341.0
4902,3,61.8,341.445
4903,2,55.5,344.0
4904,3,62.3,344.208
4905,3,62.3,344.208
4906,3,62.3,344.208
4907,3,65.0,345.0
4908,3,68.0,345.0
4909,2,50.9,346.0
4910,3,60.2,346.15
4911,2,48.36,349.0
4912,2,51.87,349.0
4913,2,62.0,349.0
4914,2,51.45,349.809
4915,3,82.0,350.0
4916,3,75.1,350.0
4917,4,77.0,355.0
4918,4,82.4,358.0
4919,3,62.0,360.0
4920,3,61.0,360.0
4921,3,104.0,360.0
4922,3,61.0,361.63
4923,4,75.0,365.0
4924,3,69.32,366.01
4925,3,54.0,370.0
4926,4,76.02,372.498
4927,3,59.9,375.0
4928,3,68.0,375.0
4929,2,63.0,379.0
4930,3,75.0,379.0
4931,3,61.75,382.0
4932,2,29.8,384.42
4933,3,62.72,388.0
4934,3,56.6,393.37
4935,3,70.2,395.0
4936,3,70.5,395.0
4937,3,64.03,396.0
4938,3,68.78,398.0
4939,3,80.0,399.0
4940,3,76.0,399.0
4941,3,82.37,399.495
4942,3,68.0,399.9
4943,3,64.94,402.563
4944,3,62.72,407.617
4945,3,71.23,410.0
4946,4,71.6,410.0
4947,3,65.65,413.0
4948,3,65.0,420.0
4949,3,65.81,425.0
4950,3,71.32,427.0
4951,3,64.94,428.0
4952,2,64.94,428.539
4953,4,85.7,430.0
4954,2,47.3,430.0
4955,3,71.32,434.981
4956,3,67.15,435.0
4957,3,83.0,435.0
4958,3,68.83,440.0
4959,3,72.24,440.592
4960,3,65.81,440.861
4961,3,65.06,441.673
4962,3,71.32,442.0
4963,3,71.32,442.112
4964,3,71.32,442.112
4965,3,68.83,443.0
4966,3,75.0,445.0
4967,4,77.8,447.35
4968,3,73.62,449.0
4969,3,64.19,449.0
4970,3,78.0,449.0
4971,2,38.82,461.958
4972,3,75.9,475.0
4973,3,61.0,480.0
4974,3,93.0,499.0
4975,2,38.75,500.0
4976,2,42.12,501.228
4977,4,82.78,540.567
4978,5,102.0,550.0
4979,4,103.85,565.0
4980,3,63.0,570.0
4981,3,85.0,597.0
4982,2,62.51,600.0
4983,4,122.0,619.9
4984,2,53.0,640.0
4985,3,94.0,685.0
4986,4,97.6,696.863
4987,2,60.0,730.0
4988,2,61.0,750.0
4989,4,112.0,799.0
4990,4,113.0,889.0
4991,6,129.25,982.3
4992,4,167.0,1400.0
4993,1,30.9,154.0
4994,1,30.0,159.0
4995,1,20.0,169.0
4996,1,25.0,185.0
4997,2,30.95,190.0
4998,1,27.35,192.0
4999,1,30.0,195.0
5000,1,29.18,199.0
5001,1,25.7,199.0
5002,2,56.6,199.0
5003,1,35.0,200.0
5004,3,48.3,200.0
5005,1,36.0,210.0
5006,2,51.0,220.0
5007,2,36.0,220.0
5008,2,35.0,221.0
